category,word,cefr,cocaRank,pos,reason,oxfordDef
food-drinks,"water",a1,287,noun|verb,imsky:nouns/food,"a liquid without colour, smell or taste that falls as rain, is in lakes, rivers and seas, and is used for drinking, wash"
food-drinks,"food",a1,372,noun,imsky:nouns/food,"things that people or animals eat"
food-drinks,"eat",a1,476,noun|verb,yle:food_and_drink,"to put food in your mouth, bite it and swallow it "
food-drinks,"piece",a1,584,noun,yle:food_and_drink,"an amount of something that has been cut or separated from the rest of it; a standard amount of something"
food-drinks,"cup",a1,886,noun,yle:food_and_drink,"a small container that is like a bowl in shape, usually with a handle, used for drinking tea, coffee, etc."
food-drinks,"date",a1,994,noun|verb,imsky:nouns/fruit,"a particular day of the month, sometimes in a particular year, given in numbers and words"
food-drinks,"dinner",a1,1079,noun,yle:food_and_drink,"the main meal of the day, eaten either in the middle of the day or in the evening"
food-drinks,"mouth",a1,1126,noun,imsky:nouns/water,"the opening in the face used for speaking, eating, etc.; the area inside the head behind this opening"
food-drinks,"drink",a1,1142,noun|verb,imsky:nouns/food,"a liquid for drinking; an amount of a liquid that you drink"
food-drinks,"ice",a1,1232,noun,imsky:nouns/food,"water that has frozen and become solid"
food-drinks,"fish",a1,1238,noun|verb,imsky:nouns/food,"a creature that lives in water, breathes through gills, and uses fins and a tail for swimming"
food-drinks,"kitchen",a1,1279,noun,imsky:nouns/food,"a room in which meals are cooked or prepared"
food-drinks,"apple",a1,1327,noun,imsky:nouns/fruit,"a round fruit with shiny red or green skin that is fairly hard and white inside"
food-drinks,"coffee",a1,1356,noun|adjective,imsky:nouns/food,"the roasted seeds (called coffee beans) of a tropical bush; a powder made from them"
food-drinks,"egg",a1,1615,noun,yle:food_and_drink,"a small oval object with a thin hard shell produced by a female bird and containing a young bird; a similar object (with"
food-drinks,"wine",a1,1630,noun,imsky:nouns/food,"an alcoholic drink made from the juice of grapes that has been left to ferment. There are many different kinds of wine."
food-drinks,"lunch",a1,1698,noun,yle:food_and_drink,"a meal eaten in the middle of the day"
food-drinks,"beer",a1,1815,noun,imsky:nouns/food,"an alcoholic drink made from malt with hops added to give it taste. There are many types of beer."
food-drinks,"pool",a1,1830,noun,imsky:nouns/water,"an area of water that has been created for people to swim in"
food-drinks,"meal",a1,1871,noun,yle:food_and_drink,"an occasion when people eat food, especially breakfast, lunch or dinner"
food-drinks,"tea",a1,1894,noun,imsky:nouns/food,"the dried leaves (called tea leaves) of the tea bush"
food-drinks,"meat",a1,1934,noun,imsky:nouns/food,"the soft part of an animal or a bird that can be eaten as food; a particular type of this"
food-drinks,"milk",a1,2211,noun,imsky:nouns/food,"the white liquid produced by cows, goats and some other animals as food for their young and used as a drink by humans"
food-drinks,"cheese",a1,2250,noun,imsky:nouns/food,"a type of food made from milk that can be either soft or hard and is usually white or yellow in colour; a particular typ"
food-drinks,"dish",a1,2270,noun,imsky:nouns/food,"a flat shallow container for cooking food in or serving it from"
food-drinks,"bread",a1,2386,noun,imsky:nouns/food,"a type of food made from flour, water and usually yeast mixed together and baked"
food-drinks,"vegetable",a1,2422,noun,yle:food_and_drink,"a plant or part of a plant that is eaten as food. Potatoes, beans and onions are all vegetables."
food-drinks,"rice",a1,2442,noun,imsky:nouns/food,"short, narrow white or brown grain grown on wet land in hot countries as food; the plant that produces this grain"
food-drinks,"cake",a1,2448,noun,imsky:nouns/food,"a sweet food made from a mixture of flour, eggs, butter, sugar, etc. that is baked in an oven. Cakes are made in various"
food-drinks,"breakfast",a1,2459,noun,yle:food_and_drink,"the first meal of the day"
food-drinks,"juice",a1,2645,noun,imsky:nouns/food,"the liquid that comes from fruit or vegetables; a drink made from this"
food-drinks,"potato",a1,2688,noun,yle:food_and_drink,"a round white vegetable with a brown or red skin that grows underground as part of a plant also called a potato"
food-drinks,"hungry",a1,2770,verb|adjective,yle:food_and_drink,"feeling that you want to eat something"
food-drinks,"chocolate",a1,2819,noun|adjective,imsky:nouns/food,"a hard brown sweet food made from cocoa beans, used in cooking to add taste to cakes, etc. or eaten as a sweet"
food-drinks,"orange",a1,3258,noun|adjective,imsky:nouns/fruit,"between red and yellow in colour"
food-drinks,"salad",a1,3268,noun,imsky:nouns/food,"a mixture of raw vegetables such as lettuce, tomato and cucumber, usually served with other food as part of a meal"
food-drinks,"soup",a1,3437,noun,imsky:nouns/food,"a liquid food made by boiling meat, vegetables, etc. in water, often eaten as the first course of a meal"
food-drinks,"sandwich",a1,3485,noun,imsky:nouns/fast_food,"two slices of bread, often spread with butter, with a layer of meat, cheese, etc. between them"
food-drinks,"banana",a1,5012,noun,imsky:nouns/fruit,"a long curved fruit with a thick yellow skin and that is soft inside, which grows on trees in hot countries"
food-drinks,"carrot",a1,,noun,yle:food_and_drink,"a long pointed orange root vegetable"
food-drinks,"ice cream",a1,,noun,yle:food_and_drink,"a type of sweet frozen food made from milk fat, tasting of fruit, chocolate, etc. and often eaten as a dessert; a small "
food-drinks,"thirsty",a1,,verb|adjective,yle:food_and_drink,"needing or wanting to drink"
food-drinks,"finger",a2,1181,noun,imsky:nouns/fast_food,"one of the four long thin parts that stick out from the hand (or five, if the thumb is included)"
food-drinks,"neck",a2,1753,noun,imsky:nouns/water,"the part of the body between the head and the shoulders"
food-drinks,"smell",a2,2149,verb|noun,yle:food_and_drink,"the quality of something that people and animals sense through their noses"
food-drinks,"taste",a2,2198,noun|verb,imsky:nouns/food,"the particular quality that different foods and drinks have that allows you to recognize them when you put them in your "
food-drinks,"knife",a2,2364,noun,yle:food_and_drink,"a sharp blade (= metal edge) with a handle, used for cutting or as a weapon"
food-drinks,"recipe",a2,2418,noun,imsky:nouns/food,"a set of instructions that tells you how to cook something and the ingredients (= items of food) you need for it"
food-drinks,"lemon",a2,3685,noun,imsky:nouns/fruit,"a yellow citrus fruit with juice that has a bitter, sharp taste. Slices of lemon and lemon juice are used in cooking and"
food-drinks,"beef",a2,3802,noun,imsky:nouns/meat,"meat that comes from a cow"
food-drinks,"fork",a2,4590,noun|verb,imsky:nouns/water,"a tool with a handle and three or four sharp points (called prongs), used for picking up and eating food"
food-drinks,"spoon",a2,,noun,yle:food_and_drink,"a tool that has a handle with a shallow bowl at the end, used for mixing, serving and eating food"
food-drinks,"roll",b1,1343,noun|verb,imsky:nouns/fast_food,"a small loaf of bread for one person"
food-drinks,"cream",b1,2241,noun|adjective,imsky:nouns/food,"between yellow and white in colour"
food-drinks,"port",b1,3060,noun,imsky:nouns/water,"a town or city with a harbour, especially one where ships load and unload goods"
food-drinks,"wrap",b2,2278,noun|verb,imsky:nouns/fast_food,"to cover something completely in paper or other material, for example when you are giving it as a present"
food-drinks,"stream",b2,2573,noun,imsky:nouns/water,"a small, narrow river"
food-drinks,"melt",b2,3695,noun|verb,imsky:nouns/fast_food,"to become or make something become liquid as a result of heating"
food-drinks,"shore",b2,3852,noun,imsky:nouns/water,"the land along the edge of the sea, the ocean or a lake"
food-drinks,"wheat",b2,5048,noun,imsky:nouns/food,"a plant grown for its grain that is used to produce the flour for bread, cakes, pasta, etc.; the grain of this plant"
food-drinks,"spice",b2,,noun,imsky:nouns/food,"one of the various types of powder or seed that come from plants and are used in cooking. Spices have a strong taste and"
food-drinks,"cookie",,2923,noun,imsky:nouns/food,""
food-drinks,"creek",,3025,noun,imsky:nouns/water,""
food-drinks,"pie",,3310,noun,imsky:nouns/food,""
food-drinks,"candy",,3370,noun,imsky:nouns/food,""
food-drinks,"pizza",,3442,noun,imsky:nouns/food,""
food-drinks,"harbor",,4108,noun,imsky:nouns/water,""
food-drinks,"shark",,4298,noun,imsky:nouns/fish,""
food-drinks,"olive",,4498,noun|adjective,imsky:nouns/food,""
food-drinks,"rabbit",,4521,noun,imsky:nouns/meat,""
food-drinks,"salmon",,4629,noun|adjective,imsky:nouns/fish,""
food-drinks,"dessert",,4758,noun,imsky:nouns/food,""
food-drinks,"pork",,4766,noun,imsky:nouns/meat,""
food-drinks,"goat",,4774,noun,imsky:nouns/meat,""
food-drinks,"soda",,4875,noun,imsky:nouns/food,""
food-drinks,"steak",,4983,noun,imsky:nouns/food,""
food-drinks,"burger",,5037,noun,imsky:nouns/fast_food,""
food-drinks,"barracuda",,,noun,imsky:nouns/fish,""
food-drinks,"eel",,,noun,imsky:nouns/fish,""
food-drinks,"marlin",,,noun,imsky:nouns/fish,""
food-drinks,"bagel",,,noun,imsky:nouns/fast_food,""
food-drinks,"blt",,,noun,imsky:nouns/fast_food,""
food-drinks,"burrito",,,noun,imsky:nouns/fast_food,""
food-drinks,"cheeseburger",,,noun,imsky:nouns/fast_food,""
food-drinks,"cheesesteak",,,noun,imsky:nouns/fast_food,""
food-drinks,"clubhouse",,,noun,imsky:nouns/fast_food,""
food-drinks,"donut",,,noun,imsky:nouns/fast_food,""
food-drinks,"frank",,,noun,imsky:nouns/fast_food,""
food-drinks,"fries",,,noun,imsky:nouns/fast_food,""
food-drinks,"hamburger",,,noun,imsky:nouns/fast_food,""
food-drinks,"hoagie",,,noun,imsky:nouns/fast_food,""
food-drinks,"hot dog",,,noun,imsky:nouns/fast_food,""
food-drinks,"muffin",,,noun,imsky:nouns/fast_food,""
food-drinks,"nugget",,,noun,imsky:nouns/fast_food,""
food-drinks,"panini",,,noun,imsky:nouns/fast_food,""
food-drinks,"philly",,,noun,imsky:nouns/fast_food,""
food-drinks,"pita",,,noun,imsky:nouns/fast_food,""
food-drinks,"pretzel",,,noun,imsky:nouns/fast_food,""
food-drinks,"reuben",,,noun,imsky:nouns/fast_food,""
food-drinks,"slider",,,noun,imsky:nouns/fast_food,""
food-drinks,"sub",,,noun,imsky:nouns/fast_food,""
food-drinks,"taco",,,noun,imsky:nouns/fast_food,""
food-drinks,"amberjack",,,noun,imsky:nouns/fish,""
food-drinks,"anchovy",,,noun,imsky:nouns/fish,""
food-drinks,"angler",,,noun,imsky:nouns/fish,""
food-drinks,"ayu",,,noun,imsky:nouns/fish,""
food-drinks,"barbel",,,noun,imsky:nouns/fish,""
food-drinks,"bass",c1,,noun,imsky:nouns/fish,"the lowest tone or part in music, for instruments or voices"
food-drinks,"betta",,,noun,imsky:nouns/fish,""
food-drinks,"blowfish",,,noun,imsky:nouns/fish,""
food-drinks,"bocaccio",,,noun,imsky:nouns/fish,""
food-drinks,"burbot",,,noun,imsky:nouns/fish,""
food-drinks,"carp",,,noun,imsky:nouns/fish,""
food-drinks,"cobbler",,,noun,imsky:nouns/fish,""
food-drinks,"cod",,,noun,imsky:nouns/fish,""
food-drinks,"flounder",,,noun,imsky:nouns/fish,""
food-drinks,"grouper",,,noun,imsky:nouns/fish,""
food-drinks,"haddock",,,noun,imsky:nouns/fish,""
food-drinks,"halibut",,,noun,imsky:nouns/fish,""
food-drinks,"herring",,,noun,imsky:nouns/fish,""
food-drinks,"mackerel",,,noun,imsky:nouns/fish,""
food-drinks,"mullet",,,noun,imsky:nouns/fish,""
food-drinks,"perch",,,noun,imsky:nouns/fish,""
food-drinks,"pollock",,,noun,imsky:nouns/fish,""
food-drinks,"sardine",,,noun,imsky:nouns/fish,""
food-drinks,"scallop",,,noun,imsky:nouns/fish,""
food-drinks,"snapper",,,noun,imsky:nouns/fish,""
food-drinks,"tilapia",,,noun,imsky:nouns/fish,""
food-drinks,"trout",,,noun,imsky:nouns/fish,""
food-drinks,"tuna",,,noun,imsky:nouns/fish,""
ingredients-flavor,"rich",a1,1086,adjective,manual-pin,"having a lot of money or property"
ingredients-flavor,"sugar",a1,1842,noun,manual-pin,"a sweet substance, often in the form of white or brown crystals, made from the juices of various plants, used in cooking"
ingredients-flavor,"salt",a1,1918,noun,manual-pin,"a white substance that is added to food to make it taste better or to preserve it. Salt is obtained from mines and is al"
ingredients-flavor,"pepper",a1,2414,noun,manual-pin,"a powder made from dried berries (called peppercorns), used to give a hot, spicy taste to food"
ingredients-flavor,"oil",a2,645,noun,manual-pin,"a thick liquid that is found in rock underground "
ingredients-flavor,"fresh",a2,1250,adjective,manual-pin,"recently produced or picked and not frozen, dried or preserved in tins or cans"
ingredients-flavor,"sauce",a2,2772,noun,manual-pin,"a thick liquid that is eaten with food to add taste to it"
ingredients-flavor,"jam",a2,,verb|noun,manual-pin,"a thick sweet substance made by boiling fruit with sugar, often sold in jars and spread on bread"
ingredients-flavor,"flour",b1,4256,noun,manual-pin,"a fine white or brown powder made from grain, especially wheat, and used in cooking for making bread, cakes, etc."
ingredients-flavor,"spicy",b1,,adjective,manual-pin,"having a strong taste because spices have been added to it"
ingredients-flavor,"lean",b2,1862,adjective|verb,manual-pin,"to bend or move from a straight position to a sloping position "
ingredients-flavor,"bitter",b2,4014,adjective,manual-pin,"having a strong, unpleasant taste; not sweet"
ingredients-flavor,"sticky",b2,,adjective,manual-pin,"made of or covered in a substance that sticks to things that touch it"
ingredients-flavor,"flavor",,3390,noun,manual-pin,""
ingredients-flavor,"tender",c1,4733,adjective,manual-pin,"kind, gentle and loving"
ingredients-flavor,"sour",,,adjective,manual-pin,""
ingredients-flavor,"salty",,,adjective,manual-pin,""
ingredients-flavor,"savory",,,adjective,manual-pin,""
ingredients-flavor,"bland",,,adjective,manual-pin,""
ingredients-flavor,"crispy",,,adjective,manual-pin,""
ingredients-flavor,"crunchy",,,adjective,manual-pin,""
ingredients-flavor,"chewy",,,adjective,manual-pin,""
ingredients-flavor,"juicy",,,adjective,manual-pin,""
ingredients-flavor,"stale",,,adjective,manual-pin,""
ingredients-flavor,"ripe",,,adjective,manual-pin,""
ingredients-flavor,"rotten",,,,manual-pin,""
ingredients-flavor,"mushy",,,,manual-pin,""
ingredients-flavor,"tart",,,adjective,manual-pin,""
ingredients-flavor,"zesty",,,adjective,manual-pin,""
ingredients-flavor,"creamy",,,adjective,manual-pin,""
ingredients-flavor,"flaky",,,,manual-pin,""
ingredients-flavor,"fluffy",,,,manual-pin,""
ingredients-flavor,"tangy",,,adjective,manual-pin,""
ingredients-flavor,"gooey",,,,manual-pin,""
ingredients-flavor,"fatty",,,,manual-pin,""
ingredients-flavor,"aroma",,,noun,manual-pin,""
ingredients-flavor,"seasoning",,,noun,manual-pin,""
ingredients-flavor,"dressing",,,,manual-pin,""
ingredients-flavor,"gravy",,,,manual-pin,""
ingredients-flavor,"broth",,,noun,manual-pin,""
ingredients-flavor,"syrup",,,noun,manual-pin,""
ingredients-flavor,"vinegar",,,noun,manual-pin,""
ingredients-flavor,"mustard",,,noun,manual-pin,""
ingredients-flavor,"ketchup",,,noun,manual-pin,""
ingredients-flavor,"mayo",,,noun,manual-pin,""
ingredients-flavor,"soy sauce",,,,manual-pin,""
ingredients-flavor,"salsa",,,noun,manual-pin,""
ingredients-flavor,"jelly",,,,manual-pin,""
ingredients-flavor,"yeast",,,noun,manual-pin,""
ingredients-flavor,"baking soda",,,,manual-pin,""
ingredients-flavor,"starch",,,,manual-pin,""
ingredients-flavor,"butter",a1,2704,noun,imsky:nouns/condiments,"a soft yellow food made from cream, used in cooking and for spreading on bread"
ingredients-flavor,"onion",a1,3164,noun,imsky:nouns/condiments,"a round vegetable with many layers inside each other and a brown, red or white skin. Onions have a strong smell and tast"
ingredients-flavor,"delicious",a1,4250,adjective,imsky:adjectives/food,"having a very pleasant taste or smell"
ingredients-flavor,"heat",a2,1177,noun|verb,imsky:verbs/cooking,"the quality of being hot"
ingredients-flavor,"sweet",a2,1402,adjective|noun,imsky:adjectives/food,"containing, or tasting as if it contains, a lot of sugar"
ingredients-flavor,"boil",a2,4771,verb,imsky:verbs/cooking,"when a liquid boils or when you boil it, it is heated to the point where it forms bubbles and turns to steam or vapour"
ingredients-flavor,"sharp",b1,2408,noun|adjective,imsky:adjectives/food,"having a fine edge or point, especially of something that can cut or make a hole in something"
ingredients-flavor,"bake",b1,3195,verb,imsky:verbs/cooking,"to cook food in an oven without extra fat or liquid; to be cooked in this way"
ingredients-flavor,"frozen",b1,4403,adjective,imsky:adjectives/food,"kept at a very low temperature in order to preserve it"
ingredients-flavor,"prepared",b1,,adjective,imsky:adjectives/food,"ready and able to deal with something"
ingredients-flavor,"fry",b1,,verb,imsky:verbs/cooking,"to cook something in hot fat or oil; to be cooked in hot fat or oil"
ingredients-flavor,"burn",b2,1434,noun|verb,imsky:verbs/cooking,"an injury or a mark caused by fire, heat or acid"
ingredients-flavor,"golden",b2,2127,adjective,imsky:adjectives/food,"made of gold"
ingredients-flavor,"rank",b2,2986,noun|adjective|verb,imsky:adjectives/food,"the position, especially a high position, that somebody has in a particular organization, society, etc."
ingredients-flavor,"organic",b2,3054,adjective,imsky:adjectives/food,"produced or practised without using artificial chemicals"
ingredients-flavor,"steam",b2,4444,verb|noun,imsky:verbs/cooking,"the hot gas that water changes into when it boils"
ingredients-flavor,"honey",,1683,noun,imsky:nouns/condiments,""
ingredients-flavor,"garlic",,3769,noun,imsky:nouns/condiments,""
ingredients-flavor,"chili",,,noun,imsky:nouns/condiments,""
ingredients-flavor,"chives",,,noun,imsky:nouns/condiments,""
ingredients-flavor,"chutney",,,noun,imsky:nouns/condiments,""
ingredients-flavor,"horseradish",,,noun,imsky:nouns/condiments,""
ingredients-flavor,"margarine",,,noun,imsky:nouns/condiments,""
ingredients-flavor,"mayonnaise",,,noun,imsky:nouns/condiments,""
ingredients-flavor,"miso",,,noun,imsky:nouns/condiments,""
ingredients-flavor,"pesto",,,noun,imsky:nouns/condiments,""
ingredients-flavor,"relish",,,noun,imsky:nouns/condiments,""
ingredients-flavor,"remoulade",,,noun,imsky:nouns/condiments,""
ingredients-flavor,"sauerkraut",,,noun,imsky:nouns/condiments,""
ingredients-flavor,"sriracha",,,noun,imsky:nouns/condiments,""
ingredients-flavor,"wasabi",,,noun,imsky:nouns/condiments,""
ingredients-flavor,"arrowroot",,,noun,imsky:nouns/seasonings,""
ingredients-flavor,"basil",,,noun,imsky:nouns/seasonings,""
ingredients-flavor,"cayenne",,,noun,imsky:nouns/seasonings,""
ingredients-flavor,"cilantro",,,noun,imsky:nouns/seasonings,""
ingredients-flavor,"cinnamon",,,noun,imsky:nouns/seasonings,""
ingredients-flavor,"coriander",,,noun,imsky:nouns/seasonings,""
ingredients-flavor,"cumin",,,noun,imsky:nouns/seasonings,""
ingredients-flavor,"curry",,,noun,imsky:nouns/seasonings,""
house-building,"apartment",a1,1460,noun,manual-pin,"a set of rooms for living in, usually on one floor of a building"
house-building,"roof",a2,2421,noun,manual-pin,"the structure that covers or forms the top of a building or vehicle"
house-building,"studio",b1,1793,noun,manual-pin,"a room where radio or television programmes are recorded and broadcast from, or where music is recorded"
house-building,"ceiling",b1,3088,noun,manual-pin,"the top inside surface of a room"
house-building,"garage",b1,3389,noun,manual-pin,"a building for keeping one or more cars or other vehicles in"
house-building,"pipe",b1,3428,verb|noun,manual-pin,"a tube through which liquids and gases can flow"
house-building,"foundation",b2,1444,noun,manual-pin,"a principle, an idea or a fact that something is based on and that it grows from"
house-building,"cabin",b2,3705,noun,manual-pin,"a small room on a ship in which you live or sleep"
house-building,"brick",b2,3740,noun,manual-pin,"baked clay used for building walls, houses and other buildings; an individual block of this"
house-building,"concrete",b2,3763,noun|adjective,manual-pin,"made of concrete"
house-building,"basement",b2,3808,noun,manual-pin,"a room or rooms in a building, partly or completely below the level of the ground"
house-building,"porch",,3788,noun,manual-pin,""
house-building,"outlet",c1,4221,noun,manual-pin,"a shop or an organization that sells goods made by a particular company or of a particular type"
house-building,"beam",c1,4433,noun,manual-pin,"a line of light, electromagnetic waves or particles"
house-building,"doorway",,4910,noun,manual-pin,""
house-building,"asphalt",,,noun|adjective,manual-pin,""
house-building,"cement",,,noun,manual-pin,""
house-building,"tile",,,,manual-pin,""
house-building,"plaster",,,noun,manual-pin,""
house-building,"lime",,,noun|adjective,manual-pin,""
house-building,"gravel",,,noun,manual-pin,""
house-building,"pavement",,,,manual-pin,""
house-building,"drywall",,,noun,manual-pin,""
house-building,"plywood",,,noun,manual-pin,""
house-building,"lumber",,,noun,manual-pin,""
house-building,"pillar",,,,manual-pin,""
house-building,"shingle",,,,manual-pin,""
house-building,"mortar",,,noun,manual-pin,""
house-building,"attic",,,,manual-pin,""
house-building,"driveway",,,,manual-pin,""
house-building,"railing",,,,manual-pin,""
house-building,"gutter",,,noun,manual-pin,""
house-building,"chimney",,,,manual-pin,""
house-building,"staircase",,,,manual-pin,""
house-building,"banister",,,,manual-pin,""
house-building,"balcony",,,noun,manual-pin,""
house-building,"duplex",,,noun,manual-pin,""
house-building,"condo",,,,manual-pin,""
house-building,"townhouse",,,noun,manual-pin,""
house-building,"shed",c1,,noun|verb,manual-pin,"to get rid of something that is no longer wanted"
house-building,"insulation",,,noun,manual-pin,""
house-building,"siding",,,noun,manual-pin,""
house-building,"vent",,,,manual-pin,""
house-building,"wiring",,,,manual-pin,""
house-building,"rebar",,,,manual-pin,""
house-building,"tarp",,,,manual-pin,""
house-building,"school",a1,146,noun,imsky:nouns/buildings,"a place where children go to be educated"
house-building,"house",a1,176,noun|verb,imsky:nouns/houses,"a building for people to live in, usually for one family"
house-building,"lot",a1,216,noun|adverb,imsky:nouns/real_estate,"used with verbs to mean ‘a great amount’"
house-building,"story",a1,224,noun,imsky:nouns/construction,"a description of events and people that the writer or speaker has invented in order to entertain people"
house-building,"university",a1,359,noun,imsky:nouns/buildings,"an institution at the highest level of education where you can study for a degree or do research"
house-building,"course",a1,381,noun|adverb,imsky:nouns/construction,"a series of lessons or lectures on a particular subject"
house-building,"market",a1,453,noun|verb,imsky:nouns/buildings,"an occasion when people buy and sell goods; the open area or building where they meet to do this"
house-building,"interest",a1,473,noun|verb,imsky:nouns/real_estate,"the feeling that you have when you want to know or learn more about somebody/something"
house-building,"post",a1,581,noun|verb,imsky:nouns/construction,"the official system used for sending and delivering letters, packages, etc."
house-building,"paper",a1,585,noun|adjective|verb,imsky:adjectives/materials,"the thin material that you write and draw on and that is also used for wrapping and packing things"
house-building,"bank",a1,695,noun,imsky:nouns/buildings,"an organization that provides various financial services, for example keeping or lending money"
house-building,"hospital",a1,766,noun,imsky:nouns/buildings,"a large building where people who are ill or injured are given medical treatment and care"
house-building,"plant",a1,821,noun|verb,imsky:nouns/buildings,"a living thing that grows in the earth and usually has a stem, leaves and roots, especially one that is smaller than a t"
house-building,"section",a1,824,noun,imsky:nouns/construction,"any of the parts into which something is divided"
house-building,"card",a1,852,noun,yle:materials,"thick, stiff paper; a piece of this for writing on"
house-building,"detail",a1,971,noun|verb,imsky:nouns/construction,"a small individual fact or item; a less important fact or item"
house-building,"station",a1,978,noun,imsky:nouns/buildings,"a place where trains stop so that passengers can get on and off; the buildings connected with this"
house-building,"title",a1,1176,noun|verb,imsky:nouns/construction,"the name of a book, poem, painting, piece of music, etc."
house-building,"hotel",a1,1186,noun,imsky:nouns/buildings,"a building where people stay, usually for a short time, paying for their rooms and meals"
house-building,"restaurant",a1,1264,noun,imsky:nouns/buildings,"a place where you can buy and eat a meal"
house-building,"museum",a1,1297,noun,imsky:nouns/buildings,"a building in which objects of artistic, cultural, historical or scientific interest are kept and shown to the public"
house-building,"library",a1,1331,noun,imsky:nouns/buildings,"a building in which collections of books, newspapers, etc. and sometimes films and recorded music are kept for people to"
house-building,"airport",a1,2052,noun,imsky:nouns/buildings,"a place where planes land and take off and that has buildings for passengers to wait in"
house-building,"cafe",a1,4751,noun,imsky:nouns/buildings,"a place where you can buy drinks and simple meals. Alcohol is not usually served in British or American cafes."
house-building,"cinema",a1,,noun,imsky:nouns/buildings,"a building in which films are shown"
house-building,"use",a2,91,noun|verb,imsky:nouns/real_estate,"the act of using something; the state of being used"
house-building,"run",a2,202,noun|verb,imsky:nouns/construction,"an act of running; a period of time spent running or the distance that somebody runs"
house-building,"fall",a2,427,noun|verb,imsky:nouns/construction,"an act of falling"
house-building,"church",a2,504,noun,imsky:nouns/buildings,"a building where Christians go to attend services, pray, etc."
house-building,"term",a2,606,noun|verb,imsky:nouns/real_estate,"a word or phrase used as the name of something, especially one connected with a particular type of language"
house-building,"store",a2,759,noun|verb,imsky:nouns/buildings,"a large shop that sells many different types of goods"
house-building,"board",a2,768,noun|verb,imsky:nouns/construction,"a long thin piece of strong hard material, especially wood, used, for example, for making floors, building walls and roo"
house-building,"option",a2,923,noun,imsky:nouns/real_estate,"something that you can choose to have or do; the freedom to choose what you do"
house-building,"hall",a2,1163,noun,imsky:nouns/buildings,"a space or passage inside the entrance or front door of a building"
house-building,"soldier",a2,1235,noun,imsky:nouns/construction,"a member of an army, especially one who is not an officer"
house-building,"prison",a2,1332,noun,imsky:nouns/buildings,"a building where people are kept as a punishment for a crime they have committed, or while they are waiting for trial"
house-building,"vehicle",a2,1352,noun,imsky:nouns/construction,"a thing that is used for transporting people or goods from one place to another, such as a car or lorry"
house-building,"gold",a2,1364,noun|adjective,imsky:nouns/metals,"bright yellow in colour, like gold"
house-building,"survey",a2,1395,noun|verb,imsky:nouns/construction,"an investigation of the opinions, behaviour, etc. of a particular group of people, which is usually done by asking them "
house-building,"stone",a2,1420,adjective|noun,imsky:adjectives/materials,"a hard solid mineral substance that is found in the ground, often used for building"
house-building,"plate",a2,1789,noun,imsky:nouns/construction,"a flat, usually round, dish that you put food on"
house-building,"plastic",a2,1930,adjective|noun,imsky:adjectives/materials,"made of plastic"
house-building,"metal",a2,1942,adjective|noun,imsky:adjectives/materials,"a type of solid mineral substance that is usually hard and shiny and that heat and electricity can travel through, for e"
house-building,"valley",a2,1951,noun,imsky:nouns/construction,"an area of low land between hills or mountains, often with a river flowing through it; the land that a river flows throu"
house-building,"column",a2,2315,noun,imsky:nouns/architecture,"one of the straight sections from top to bottom into which text on a page or screen is divided"
house-building,"square",a2,2417,noun|adjective,imsky:nouns/construction,"having four straight equal sides and four angles of 90°"
house-building,"factory",a2,2559,noun,imsky:nouns/buildings,"a building or group of buildings where goods are made, mainly by machine"
house-building,"tower",a2,2581,noun,imsky:nouns/architecture,"a tall narrow building or part of a building, especially of a church or castle"
house-building,"gallery",a2,2648,noun,imsky:nouns/buildings,"a room or building for showing works of art, especially to the public"
house-building,"silver",a2,2811,noun|adjective,imsky:nouns/metals,"shiny grey-white in colour"
house-building,"wooden",a2,3302,adjective,imsky:adjectives/materials,"made of wood"
house-building,"palace",a2,4050,noun,imsky:nouns/buildings,"the official home of a king, queen, president, etc."
house-building,"castle",a2,4281,noun,imsky:nouns/buildings,"a large strong building with thick, high walls and towers, built in the past by kings or queens, or other important peop"
house-building,"biscuit",a2,,noun,imsky:nouns/construction,"a small flat dry cake for one person, usually sweet, and baked until hard"
house-building,"penny",a2,,noun,imsky:nouns/construction,"a small British coin and unit of money. There are 100 pence in one pound (£1)."
house-building,"lead",b1,349,noun|adjective|verb,imsky:nouns/metals,"to go with or in front of a person or an animal to show the way or to make them go in the right direction"
house-building,"rise",b1,890,noun|verb,imsky:nouns/construction,"an increase in an amount, a number or a level"
house-building,"agent",b1,1012,noun,imsky:nouns/real_estate,"a person whose job is to act for, or manage the affairs of, other people in business, politics, etc."
house-building,"grade",b1,1556,noun|verb,imsky:nouns/construction,"a mark given in an exam or for a piece of school work"
house-building,"frame",b1,2182,noun|verb,imsky:nouns/construction,"a strong border or structure of wood, metal, etc. that holds a picture, door, piece of glass, etc. in position"
house-building,"cap",b1,2536,noun,imsky:nouns/construction,"a type of soft flat hat with a peak (= a hard curved part sticking out in front). Caps are worn especially by men and bo"
house-building,"stadium",b1,2892,noun,imsky:nouns/buildings,"a large sports ground surrounded by rows of seats and usually other buildings"
house-building,"laboratory",b1,2970,noun,imsky:nouns/buildings,"a room or building used for scientific research, experiments, testing, etc."
house-building,"mall",b1,3469,noun,imsky:nouns/buildings,"a large building or covered area that has many shops, restaurants, etc. inside it"
house-building,"tent",b1,3563,noun|verb,imsky:nouns/houses,"a shelter made of a large sheet of canvas, nylon, etc. that is supported by poles and ropes fixed to the ground, and is "
house-building,"grain",b1,3574,noun,imsky:nouns/construction,"the small hard seeds of food plants such as wheat, rice, etc.; a single seed of such a plant"
house-building,"rent",b1,3603,noun|verb,imsky:nouns/real_estate,"an amount of money that you regularly pay so that you can use a house, room, etc."
house-building,"cottage",b1,,noun,imsky:nouns/buildings,"a small house, especially in the country"
house-building,"reveal",b2,1011,noun|verb,imsky:nouns/construction,"to make something known to somebody"
house-building,"core",b2,1754,noun|adjective,imsky:nouns/construction,"most important; main or essential"
house-building,"panel",b2,1801,noun,imsky:nouns/architecture,"a square or rectangular piece of wood, glass or metal that forms part of a larger surface such as a door or wall"
house-building,"grant",b2,1888,noun|verb,imsky:nouns/real_estate,"a sum of money that is given by the government or by another organization to be used for a particular purpose"
house-building,"jail",b2,2453,noun|verb,imsky:nouns/buildings,"a prison"
house-building,"assumption",b2,2521,noun,imsky:nouns/real_estate,"a belief or feeling that something is true or that something will happen, although there is no proof"
house-building,"index",b2,2653,noun,imsky:nouns/real_estate,"a list of names or topics that are referred to in a book, etc., usually arranged at the end of a book in alphabetical or"
house-building,"steel",b2,2657,noun|adjective,imsky:nouns/metals,"a strong, hard metal that is made of a mixture of iron and carbon"
house-building,"mortgage",b2,2894,noun,imsky:nouns/real_estate,"a legal agreement by which a bank or similar organization lends you money to buy a house, etc., and you pay the money ba"
house-building,"stable",b2,3120,noun|adjective,imsky:nouns/buildings,"fixed or steady; not likely to move, change or fail"
house-building,"pitch",b2,3266,noun|verb,imsky:nouns/construction,"an area of ground specially prepared and marked for playing a sports game"
house-building,"circuit",b2,3278,noun,imsky:nouns/construction,"a line, route or journey around a place"
house-building,"margin",b2,3326,noun,imsky:nouns/real_estate,"the empty space at the side of a written or printed page"
house-building,"inflation",b2,3343,noun,imsky:nouns/real_estate,"a general rise in the prices of services and goods in a particular country, resulting in a fall in the value of money; t"
house-building,"trap",b2,3560,noun|verb,imsky:nouns/construction,"a piece of equipment for catching animals"
house-building,"landing",b2,4203,noun,imsky:nouns/construction,"an act of bringing an aircraft or a spacecraft down to the ground after a journey"
house-building,"slope",b2,4219,noun|verb,imsky:nouns/construction,"a surface or piece of land that slopes (= is higher at one end than the other)"
house-building,"monument",b2,4990,noun,imsky:nouns/buildings,"a building, column, statue, etc. built to remind people of a famous person or event"
house-building,"mosque",b2,,noun,imsky:nouns/buildings,"a building where Muslims go to worship (= praise God)"
house-building,"theater",,1504,noun,imsky:nouns/buildings,""
house-building,"buck",c1,2362,noun,imsky:nouns/construction,"a US, Australian or New Zealand dollar; a South African rand; an Indian rupee"
house-building,"acre",c1,3209,noun,imsky:nouns/construction,"a unit for measuring an area of land; 4 840 square yards or about 4 050 square metres"
house-building,"buyer",,3253,noun,imsky:nouns/real_estate,""
house-building,"oak",,3745,noun,imsky:nouns/wood,""
house-building,"ranch",,3965,noun,imsky:nouns/houses,""
house-building,"equity",,4008,noun,imsky:nouns/real_estate,""
yard-outdoor,"rock",a2,963,verb|noun,manual-pin,"the hard solid material that forms part of the surface of the earth and some other planets"
yard-outdoor,"grass",a2,2490,noun,manual-pin,"a common wild plant with narrow green leaves and stems that are eaten by cows, horses, sheep, etc."
yard-outdoor,"branch",b1,2159,noun,manual-pin,"a part of a tree that grows out from the main stem and on which leaves, flowers and fruit grow"
yard-outdoor,"soil",b1,2244,noun,manual-pin,"the top layer of the earth in which plants, trees, etc. grow"
yard-outdoor,"dirt",b1,3098,noun,manual-pin,"any substance that makes something dirty, for example dust, soil or mud"
yard-outdoor,"mud",b1,4210,noun,manual-pin,"wet earth that is soft and sticky"
yard-outdoor,"root",b2,1976,noun|verb,manual-pin,"the part of a plant that grows under the ground and takes in water and minerals that it sends to the rest of the plant"
yard-outdoor,"slide",b2,2632,noun|verb,manual-pin,"one page of an electronic presentation, that may contain text and images, that is usually viewed on a computer screen or"
yard-outdoor,"deck",b2,3171,noun,manual-pin,"the top outside floor of a ship or boat"
yard-outdoor,"bush",b2,4291,noun,manual-pin,"a plant that grows thickly with several hard stems coming up from the root"
yard-outdoor,"swing",c1,2830,noun|verb,manual-pin,"a swinging movement or rhythm"
yard-outdoor,"lawn",c1,3653,noun,manual-pin,"an area of ground covered in short grass in a garden or park, or used for playing a game on"
yard-outdoor,"trunk",,4090,noun,manual-pin,""
yard-outdoor,"pond",c1,4560,noun,manual-pin,"a small area of still water, especially one that is artificial"
yard-outdoor,"weed",c1,4687,noun,manual-pin,"a wild plant growing where it is not wanted, especially among crops or garden plants"
yard-outdoor,"backyard",,4817,noun,manual-pin,""
yard-outdoor,"sprinkler",,,,manual-pin,""
yard-outdoor,"hose",,,,manual-pin,""
yard-outdoor,"shovel",,,,manual-pin,""
yard-outdoor,"rake",,,noun,manual-pin,""
yard-outdoor,"broom",,,,manual-pin,""
yard-outdoor,"wheelbarrow",,,,manual-pin,""
yard-outdoor,"flowerbed",,,,manual-pin,""
yard-outdoor,"mulch",,,,manual-pin,""
yard-outdoor,"pebble",,,,manual-pin,""
yard-outdoor,"puddle",,,noun,manual-pin,""
yard-outdoor,"mound",,,,manual-pin,""
yard-outdoor,"compost",,,,manual-pin,""
yard-outdoor,"leaves",,,,manual-pin,""
yard-outdoor,"twig",,,noun,manual-pin,""
yard-outdoor,"stump",,,,manual-pin,""
yard-outdoor,"shrub",,,noun,manual-pin,""
yard-outdoor,"hedge",,,,manual-pin,""
yard-outdoor,"patio",,,noun,manual-pin,""
yard-outdoor,"lawnmower",,,,manual-pin,""
yard-outdoor,"sandbox",,,,manual-pin,""
yard-outdoor,"treehouse",,,,manual-pin,""
yard-outdoor,"birdhouse",,,,manual-pin,""
yard-outdoor,"beehive",,,,manual-pin,""
yard-outdoor,"anthill",,,,manual-pin,""
yard-outdoor,"spiderweb",,,,manual-pin,""
yard-outdoor,"fertilizer",,,,manual-pin,""
yard-outdoor,"pesticide",,,,manual-pin,""
yard-outdoor,"pollen",,,noun,manual-pin,""
yard-outdoor,"thorn",,,noun,manual-pin,""
yard-outdoor,"world",a1,134,noun,imsky:nouns/geography,"the earth, with all its countries, peoples and natural features"
yard-outdoor,"country",a1,190,noun,imsky:nouns/geography,"an area of land that has or used to have its own government and laws"
yard-outdoor,"city",a1,222,noun,imsky:nouns/geography,"a large and important town"
yard-outdoor,"area",a1,296,noun,imsky:nouns/geography,"part of a place, town, etc., or a region of a country or the world"
yard-outdoor,"air",a1,455,noun,yle:world_around_us,"the mixture of gases that surrounds the earth and that we breathe"
yard-outdoor,"town",a1,553,noun,yle:world_around_us,"a place with many houses, shops, etc. where people live and work. It is larger than a village but smaller than a city."
yard-outdoor,"star",a1,578,noun|verb,yle:world_around_us,"a large ball of burning gas in space that we see as a point of light in the sky at night"
yard-outdoor,"fire",a1,670,noun|verb,yle:world_around_us,"the flames, light and heat, and often smoke, that are produced when something burns"
yard-outdoor,"dog",a1,671,noun,yle:animals,"an animal with four legs and a tail, often kept as a pet or trained for work, for example hunting or guarding buildings."
yard-outdoor,"land",a1,689,noun|verb,imsky:nouns/geography,"the surface of the earth that is not sea"
yard-outdoor,"sound",a1,697,noun|verb|adjective,imsky:nouns/geography,"something that you can hear"
yard-outdoor,"north",a1,703,noun|adjective|adverb,imsky:nouns/geography,"in or towards the north"
yard-outdoor,"tree",a1,718,noun,imsky:nouns/plants,"a tall plant that can live a long time. Trees have a thick central wooden trunk from which branches grow, usually with l"
yard-outdoor,"animal",a1,780,noun,yle:animals,"a creature that is not a bird, a fish, a reptile, an insect or a human"
yard-outdoor,"south",a1,801,noun|adjective|adverb,imsky:nouns/geography,"in or towards the south"
yard-outdoor,"west",a1,829,noun|adjective|adverb,imsky:nouns/geography,"in or towards the west"
yard-outdoor,"east",a1,878,noun|adjective|adverb,imsky:nouns/geography,"in or towards the east"
yard-outdoor,"river",a1,960,noun,imsky:nouns/geography,"a natural flow of water that continues in a long line across land to the sea"
yard-outdoor,"island",a1,979,noun,imsky:nouns/geography,"a piece of land that is completely surrounded by water"
yard-outdoor,"mountain",a1,1097,noun,imsky:nouns/geography,"a very high hill, often with rocks near the top"
yard-outdoor,"sea",a1,1124,noun,imsky:nouns/geography,"the salt water that covers most of the earth’s surface and surrounds its continents and islands"
yard-outdoor,"key",a1,1149,noun|adjective|verb,imsky:nouns/geography,"most important; essential"
yard-outdoor,"capital",a1,1267,noun|adjective,imsky:nouns/geography,"having the form and size used at the beginning of a sentence or a name"
yard-outdoor,"garden",a1,1341,noun,imsky:nouns/plants,"a piece of land next to or around your house where you can grow flowers, fruit, vegetables, etc., usually with a lawn (="
yard-outdoor,"bird",a1,1368,noun,yle:animals,"a creature that is covered with feathers and has two wings and two legs. Most birds can fly."
yard-outdoor,"horse",a1,1381,noun,yle:animals,"a large animal with four legs, a mane (= long thick hair on its neck) and a tail. Horses are used for riding on, pulling"
yard-outdoor,"cat",a1,1603,noun,yle:animals,"a small animal with soft fur that people often keep as a pet. Cats catch and kill birds and mice."
yard-outdoor,"map",a1,1614,noun|verb,imsky:nouns/geography,"a drawing or plan of the earth’s surface or part of it, showing countries, towns, rivers, etc."
yard-outdoor,"village",a1,1673,noun,yle:world_around_us,"a very small town located in a country area"
yard-outdoor,"chicken",a1,1713,noun,imsky:nouns/birds,"a large bird that is often kept for its eggs or meat"
yard-outdoor,"flower",a1,1850,noun,imsky:nouns/plants,"the coloured part of a plant from which the seed or fruit develops. Flowers usually grow at the end of a stem and last o"
yard-outdoor,"fruit",a1,1947,noun,imsky:nouns/plants,"the part of a plant that consists of one or more seeds and a soft inner part, can be eaten as food and usually tastes sw"
yard-outdoor,"mouse",a1,2801,noun,yle:animals,"a small animal that is covered in fur and has a long thin tail. Mice live in fields, in people’s houses or where food is"
yard-outdoor,"chart",a1,2862,noun|verb,imsky:nouns/geography,"a diagram, lists of figures, etc. that shows information"
yard-outdoor,"lion",a1,3184,noun,yle:animals,"a large, powerful animal of the cat family that hunts in groups and lives in parts of Africa and southern Asia. Lions ha"
yard-outdoor,"cow",a1,3308,noun,yle:animals,"a large animal kept on farms to produce milk or beef"
yard-outdoor,"snake",a1,3708,noun,yle:animals,"a reptile with a very long thin body and no legs. There are many types of snake, some of which are poisonous."
yard-outdoor,"sheep",a1,4450,noun,yle:animals,"an animal with a thick coat, kept on farms for its meat (called mutton or lamb) or its wool"
yard-outdoor,"elephant",a1,4490,noun,yle:animals,"a very large animal with thick grey skin, large ears, two curved outer teeth called tusks and a long nose called a trunk"
yard-outdoor,"field",a2,511,noun,yle:world_around_us,"an area of land in the country used for growing crops or keeping animals in, usually surrounded by a fence, etc."
yard-outdoor,"source",a2,612,noun,imsky:nouns/geography,"a place, person or thing that you get something from"
yard-outdoor,"ground",a2,619,noun,yle:world_around_us,"the solid surface of the earth"
yard-outdoor,"earth",a2,725,noun,yle:world_around_us,"the world; the planet that we live on"
yard-outdoor,"degree",a2,855,noun,imsky:nouns/geography,"a unit for measuring temperature"
yard-outdoor,"region",a2,912,noun,imsky:nouns/geography,"a large area of land, usually without exact limits or borders"
yard-outdoor,"environment",a2,950,noun,yle:world_around_us,"the natural world in which people, animals and plants live"
yard-outdoor,"lake",a2,1347,noun,imsky:nouns/geography,"a large area of water that is surrounded by land"
yard-outdoor,"planet",a2,1366,noun,yle:world_around_us,"a large round object in space that moves around a star (such as the sun) and receives light from it"
yard-outdoor,"forest",a2,1531,noun,imsky:nouns/plants,"a large area of land that is thickly covered with trees"
yard-outdoor,"wild",a2,1534,adjective,yle:animals,"living or growing in natural conditions; not kept in a house or on a farm"
yard-outdoor,"wood",a2,1572,noun|adjective,imsky:nouns/plants,"the hard material that the trunk and branches of a tree are made of; this material when it is used to build or make thin"
yard-outdoor,"moon",a2,1708,noun,yle:world_around_us,"the round object that moves around the earth once every 27½ days and shines at night by light reflected from the sun"
yard-outdoor,"bear",a2,1870,noun|verb,yle:animals,"a heavy wild animal with thick fur and sharp claws (= pointed parts on the ends of its feet). There are many types of be"
yard-outdoor,"ocean",a2,1885,noun,imsky:nouns/geography,"the mass of salt water that covers most of the earth’s surface"
yard-outdoor,"desert",a2,2705,noun|adjective|verb,imsky:nouns/geography,"a large area of land that has very little water and very few plants growing on it. Many deserts are covered by sand."
tools-repairs,"spring",a1,1169,noun|verb,manual-pin,"the season between winter and summer when plants begin to grow"
tools-repairs,"paint",a1,1991,noun|verb,manual-pin,"a liquid that is put on surfaces to give them a particular colour; a layer of this liquid when it has dried on a surface"
tools-repairs,"replace",a2,1276,verb,manual-pin,"to be used instead of somebody/something else; to do something instead of somebody/something else"
tools-repairs,"mark",a2,1932,noun|verb,manual-pin,"a written or printed symbol that is used as a sign of something, for example the quality of something or who made or own"
tools-repairs,"gap",a2,2258,noun,manual-pin,"a space where something is missing"
tools-repairs,"nut",a2,2984,noun,manual-pin,"a small hard fruit with a very hard shell that grows on some trees"
tools-repairs,"level",b1,354,noun|adjective|verb,manual-pin,"having a flat surface that does not slope"
tools-repairs,"cut",b1,467,noun|verb,manual-pin,"a wound caused by something sharp"
tools-repairs,"measure",b1,1032,noun|verb,manual-pin,"an official action that is done in order to achieve a particular aim"
tools-repairs,"file",b1,1359,noun|verb,manual-pin,"a box or folded piece of card for keeping loose papers together and in order"
tools-repairs,"tape",b1,1884,noun,manual-pin,"a long, narrow piece of material with a sticky substance on one side that is used for sticking things together"
tools-repairs,"sand",b1,2522,noun,manual-pin,"a substance that consists of very small fine grains of rock. Sand is found on beaches, in deserts, etc."
tools-repairs,"battery",b1,2744,noun,manual-pin,"a device that is placed inside a car engine, clock, radio, etc. and that produces the electricity that makes it work"
tools-repairs,"nail",b1,3678,noun,manual-pin,"the thin hard layer covering the outer tip of the fingers or toes"
tools-repairs,"repair",b1,4204,verb|noun,manual-pin,"an act of repairing something"
tools-repairs,"fix",b2,1482,verb|noun,manual-pin,"a solution to a problem, especially an easy or temporary one"
tools-repairs,"install",b2,2400,verb,manual-pin,"to fix equipment or furniture into position so that it can be used"
tools-repairs,"adjust",b2,2464,verb,manual-pin,"to change something slightly to make it more suitable for a new set of conditions or to make it work better"
tools-repairs,"switch",b2,2514,noun|verb,manual-pin,"a small device that you press or move up and down in order to turn a light or piece of electrical equipment on and off"
tools-repairs,"extension",b2,3154,noun,manual-pin,"the act of increasing the area of activity, group of people, etc. that is affected by something"
tools-repairs,"crack",b2,3406,verb|noun,manual-pin,"a line on the surface of something where it has broken but not split into separate parts"
tools-repairs,"mount",b2,3655,verb|noun,manual-pin,"to organize and begin something"
tools-repairs,"ladder",b2,,noun,manual-pin,"a piece of equipment for climbing up and down a wall, the side of a building, etc., consisting of two lengths of wood or"
tools-repairs,"screw",c1,3020,noun|verb,manual-pin,"a thin pointed piece of metal like a nail with a raised spiral line (called a thread) along it and a line or cross cut i"
tools-repairs,"drill",,4645,noun|verb,manual-pin,""
tools-repairs,"cord",,4915,noun,manual-pin,""
tools-repairs,"leak",c1,5009,noun|verb,manual-pin,"a small hole that lets liquid or gas flow in or out of something by accident"
tools-repairs,"hammer",,5045,noun,manual-pin,""
tools-repairs,"screwdriver",,,,manual-pin,""
tools-repairs,"wrench",,,,manual-pin,""
tools-repairs,"saw",,,,manual-pin,""
tools-repairs,"pliers",,,,manual-pin,""
tools-repairs,"tape measure",,,,manual-pin,""
tools-repairs,"glue",,,noun|verb,manual-pin,""
tools-repairs,"duct tape",,,,manual-pin,""
tools-repairs,"sandpaper",,,,manual-pin,""
tools-repairs,"paintbrush",,,,manual-pin,""
tools-repairs,"roller",,,,manual-pin,""
tools-repairs,"stepstool",,,,manual-pin,""
tools-repairs,"toolbox",,,,manual-pin,""
tools-repairs,"workbench",,,,manual-pin,""
tools-repairs,"clamp",,,,manual-pin,""
tools-repairs,"vise",,,,manual-pin,""
tools-repairs,"hinge",,,,manual-pin,""
tools-repairs,"latch",,,,manual-pin,""
tools-repairs,"bolt",,,verb,manual-pin,""
tools-repairs,"washer",,,,manual-pin,""
tools-repairs,"spanner",,,,manual-pin,""
tools-repairs,"mallet",,,noun,manual-pin,""
tools-repairs,"crowbar",,,,manual-pin,""
tools-repairs,"pickaxe",,,,manual-pin,""
tools-repairs,"axe",,,,manual-pin,""
tools-repairs,"chisel",,,verb,manual-pin,""
tools-repairs,"plunger",,,,manual-pin,""
tools-repairs,"utility knife",,,,manual-pin,""
tools-repairs,"flashlight",,,verb,manual-pin,""
tools-repairs,"plug",,,,manual-pin,""
tools-repairs,"socket",,,,manual-pin,""
tools-repairs,"fuse",,,noun,manual-pin,""
tools-repairs,"faucet",,,noun,manual-pin,""
tools-repairs,"rust",,,adjective,manual-pin,""
tools-repairs,"tighten",,,,manual-pin,""
tools-repairs,"loosen",,,,manual-pin,""
tools-repairs,"unclog",,,,manual-pin,""
tools-repairs,"rewire",,,,manual-pin,""
tools-repairs,"weld",,,,manual-pin,""
tools-repairs,"solder",,,,manual-pin,""
tools-repairs,"screw in",,,,manual-pin,""
tools-repairs,"screw out",,,,manual-pin,""
tools-repairs,"drill in",,,,manual-pin,""
tools-repairs,"unscrew",,,,manual-pin,""
home-items,"fan",a2,895,noun|verb,manual-pin,"a person who admires somebody/something or enjoys watching or listening to somebody/something very much"
home-items,"sheet",a2,2079,noun,manual-pin,"a large piece of thin cloth used on a bed to lie on or lie under"
home-items,"oven",a2,3395,noun,manual-pin,"the part of a cooker that is like a box with a door on the front, in which food is cooked or heated"
home-items,"carpet",a2,4452,noun,manual-pin,"a piece of thick woven material made of wool, etc., used to cover the floor of a room or stairs; the material used for c"
home-items,"lamp",a2,4541,noun,manual-pin,"a device that uses electricity, oil or gas to produce light"
home-items,"cupboard",a2,,noun,manual-pin,"a piece of furniture with doors and shelves used for storing dishes, food, clothes, etc."
home-items,"fridge",a2,,noun,manual-pin,"a piece of electrical equipment in which food is kept cold so that it stays fresh"
home-items,"remote",b1,3176,noun|adjective,manual-pin,"far away from places where other people live"
home-items,"curtain",b1,4222,noun,manual-pin,"a piece of cloth that is hung to cover a window"
home-items,"blanket",b2,3661,noun,manual-pin,"a large cover, often made of wool, used especially on beds to keep people warm"
home-items,"cabinet",c1,3362,noun,manual-pin,"a group of senior members of a government that is responsible for advising and deciding on government policy"
home-items,"closet",,3591,noun,manual-pin,""
home-items,"pillow",,4547,noun,manual-pin,""
home-items,"drawer",,4892,noun,manual-pin,""
home-items,"mattress",,,,manual-pin,""
home-items,"duvet",,,,manual-pin,""
home-items,"comforter",,,,manual-pin,""
home-items,"blinds",,,,manual-pin,""
home-items,"rug",,,noun,manual-pin,""
home-items,"doormat",,,,manual-pin,""
home-items,"wardrobe",,,noun,manual-pin,""
home-items,"dresser",,,,manual-pin,""
home-items,"nightstand",,,,manual-pin,""
home-items,"chandelier",,,,manual-pin,""
home-items,"heater",,,noun,manual-pin,""
home-items,"cooler",,,noun,manual-pin,""
home-items,"freezer",,,,manual-pin,""
home-items,"microwave",,,verb,manual-pin,""
home-items,"stove",,,,manual-pin,""
home-items,"toaster",,,,manual-pin,""
home-items,"kettle",,,noun,manual-pin,""
home-items,"blender",,,,manual-pin,""
home-items,"mixer",,,,manual-pin,""
home-items,"dishwasher",,,,manual-pin,""
home-items,"washer",,,,manual-pin,""
home-items,"dryer",,,,manual-pin,""
home-items,"vacuum",,,,manual-pin,""
home-items,"charger",,,,manual-pin,""
home-items,"game",a1,210,noun,imsky:nouns/phones,"an activity that you do to have fun, often one that has rules and that you can win or lose; the equipment for a game"
home-items,"number",a1,211,noun|verb,imsky:nouns/phones,"a word or symbol that represents an amount or a quantity"
home-items,"room",a1,264,noun,yle:home,"a part of a building that has its own walls, floor and ceiling and is usually used for a particular purpose"
home-items,"street",a1,402,noun,yle:home,"a public road in a city or town that has houses and buildings on one side or both sides"
home-items,"table",a1,407,noun|verb,yle:home,"a piece of furniture that consists of a flat top supported by legs"
home-items,"phone",a1,493,noun|verb,imsky:nouns/phones,"a piece of equipment for talking to people who are not in the same place as you"
home-items,"model",a1,505,noun|verb,yle:toys,"a copy of something, usually smaller than the original object"
home-items,"picture",a1,583,noun|verb,yle:home,"a painting or drawing, etc. that shows a scene, a person or thing"
home-items,"window",a1,714,noun,yle:home,"an opening in the wall or roof of a building, car, etc., usually covered with glass, that allows light and air to come i"
home-items,"message",a1,748,noun|verb,imsky:nouns/phones,"a written or spoken piece of information, etc. that you send to somebody or leave for somebody when you cannot speak to "
home-items,"bed",a1,767,noun,yle:home,"a piece of furniture for sleeping on"
home-items,"floor",a1,794,noun,yle:home,"the surface of a room that you walk on"
home-items,"box",a1,864,noun,imsky:nouns/containers,"a container made of wood, thick card, metal, etc. with a flat stiff base and sides and often a lid (= cover), used espec"
home-items,"camera",a1,965,noun,imsky:nouns/phones,"a piece of equipment for taking photographs, moving pictures or television pictures. It can be a separate item or part o"
home-items,"glass",a1,1022,noun|adjective,imsky:nouns/containers,"a hard, usually clear, substance used, for example, for making windows and bottles"
home-items,"address",a1,1030,verb|noun,yle:home,"details of where somebody lives or works and where letters, etc. can be sent"
home-items,"bag",a1,1084,noun|verb,imsky:nouns/containers,"a container made of cloth, leather, plastic or paper, used to carry things in, especially when shopping or travelling"
home-items,"text",a1,1109,noun|verb,imsky:nouns/phones,"any form of written material"
home-items,"radio",a1,1151,noun,yle:home,"the activity of broadcasting programmes for people to listen to; the programmes that are broadcast"
home-items,"chair",a1,1205,noun|verb,imsky:nouns/furniture,"a piece of furniture for one person to sit on, with a back, a seat and four legs"
home-items,"band",a1,1260,noun,imsky:nouns/phones,"a small group of musicians who play popular music together, often with a singer or singers"
home-items,"plane",a1,1351,noun,yle:toys,"a flying vehicle with wings and one or more engines"
home-items,"train",a1,1715,noun|verb,yle:toys,"a number of connected coaches or trucks, pulled by an engine or powered by a motor in each one, taking people and goods "
home-items,"bottle",a1,1920,noun,imsky:nouns/containers,"a glass or plastic container, usually round with straight sides and a narrow neck, used especially for storing liquids"
home-items,"desk",a1,1949,noun,yle:home,"a piece of furniture like a table, often with drawers (= parts like boxes in it with handles on the front for pulling th"
home-items,"bathroom",a1,2228,noun,yle:home,"a room in which there is a bath, a washbasin and often a toilet"
home-items,"bedroom",a1,2252,noun,yle:home,"a room for sleeping in"
home-items,"clock",a1,2725,noun,yle:home,"an instrument for measuring and showing time, in a room, on the wall of a building or on a computer screen (not worn or "
home-items,"guitar",a1,3515,noun,imsky:nouns/music_instruments,"a musical instrument that usually has six strings and that you play with your fingers or with a plectrum"
home-items,"piano",a1,3872,noun,imsky:nouns/music_instruments,"a large musical instrument played by pressing the black and white keys on the keyboard. The sound is produced by small h"
home-items,"bath",a1,4207,noun,yle:home,"a large, long container that you put water in and then get into to wash your whole body"
home-items,"can",a2,37,noun|verb,imsky:nouns/containers,"a metal container in which food and drink is sold"
home-items,"case",a2,205,noun,imsky:nouns/containers,"a particular situation or a situation of a particular type"
home-items,"voice",a2,534,noun,imsky:nouns/phones,"the sound or sounds produced through the mouth by a person speaking or singing"
home-items,"step",a2,641,noun|verb,yle:home,"one of a series of things that you do in order to achieve something"
home-items,"bar",a2,1014,noun|verb,imsky:nouns/phones,"a place where you can buy and drink alcoholic and other drinks"
home-items,"skin",a2,1166,noun,imsky:nouns/phones,"the layer of tissue that covers the body"
home-items,"screen",a2,1281,noun|verb,imsky:nouns/phones,"the flat surface at the front of a television, computer, or other electronic device, on which you see pictures or inform"
home-items,"bowl",a2,1566,noun,imsky:nouns/containers,"a deep round dish with a wide open top, used especially for holding food or liquid"
home-items,"digital",a2,1837,noun|adjective,imsky:nouns/phones,"using a system of receiving and sending information as a series of the numbers one and zero, showing that an electronic "
home-items,"speaker",a2,2022,noun,imsky:nouns/phones,"a person who gives a talk or makes a speech"
home-items,"app",a2,2126,noun,imsky:nouns/phones,"a piece of software that you can download to a device such as a smartphone or tablet, for example to look up information"
home-items,"toy",a2,2622,noun|adjective,yle:home,"made as a copy of a particular thing and used for playing with"
home-items,"upstairs",a2,3936,noun|adjective|adverb,yle:home,"on a floor of a house or other building that is higher than the one that you are on"
home-items,"download",a2,4020,noun|verb,imsky:nouns/phones,"data that is downloaded from another computer system"
home-items,"laptop",a2,4192,noun,yle:home,"a small computer that can work with a battery and be easily carried"
home-items,"diary",a2,4715,noun,yle:home,"a book in which you can write down the experiences you have each day, your private thoughts, etc."
home-items,"bin",a2,,noun,imsky:nouns/containers,"a container that you put waste in"
home-items,"downstairs",a2,,noun|adjective|adverb,yle:home,"on a floor of a house or building lower than the one you are on, especially the one at ground level"
home-items,"touch",b1,1157,noun|verb,imsky:nouns/phones,"the sense that enables you to be aware of things and what they are like when you put your hands and fingers on them"
home-items,"application",b1,1354,noun,imsky:nouns/phones,"a formal (often written) request for something, such as a job, permission to do something or a place at a college or uni"
home-items,"chest",b1,1989,noun,imsky:nouns/containers,"the top part of the front of the body, between the neck and the stomach"
home-items,"pot",b1,2548,noun,imsky:nouns/containers,"a deep round container used for cooking things in"
home-items,"string",b1,2757,noun,imsky:nouns/music_instruments,"long, thin material used for tying things together, made of several threads that have been twisted together; a piece of "
home-items,"tube",b1,3015,noun,imsky:nouns/containers,"a long, hollow pipe made of metal, plastic, rubber, etc., through which liquids or gases move from one place to another"
home-items,"bell",b1,3100,noun,imsky:nouns/music_instruments,"a hollow metal object, often like a cup in shape, that makes a ringing sound when hit by a small piece of metal inside i"
home-items,"pan",b1,3168,noun|verb,imsky:nouns/containers,""
home-items,"entrance",b1,3359,noun,yle:home,"a door, gate, passage, etc. used for entering a room, building or place"
home-items,"robot",b1,3521,noun,yle:toys,"a machine that can perform a complicated series of tasks by itself"
home-items,"helicopter",b1,3776,noun,yle:toys,"an aircraft without wings that has large blades (= long flat parts) on top that go round. It can fly straight up from th"
home-items,"container",b1,3816,noun,imsky:nouns/containers,"a box, bottle, etc. in which something can be stored or transported"
home-items,"drum",b1,4607,noun|verb|adjective,imsky:nouns/containers,"a musical instrument made of a hollow round frame with plastic or skin stretched tightly across one or both ends. You pl"
home-items,"tin",b1,,noun,imsky:nouns/containers,"a metal container in which food is sold; the contents of one of these containers"
home-items,"contract",b2,1317,noun|verb,imsky:nouns/phones,"an official written agreement"
home-items,"coverage",b2,1856,noun,imsky:nouns/phones,"the reporting of news and sport in the media"
home-items,"monster",b2,2689,noun,yle:toys,"(in stories) an imaginary creature that is very large, ugly and frightening"
home-items,"rocket",b2,2974,noun,yle:toys,"a spacecraft in the shape of a tube that is driven by a stream of gases let out behind it when fuel is burned inside"
home-items,"frequency",b2,3066,noun,imsky:nouns/phones,"the rate at which something happens or is repeated"
home-items,"basket",b2,3917,noun,imsky:nouns/containers,"a container for holding or carrying things. Baskets are made of long thin pieces of material that bends and twists easil"
home-items,"balloon",b2,4989,noun,yle:toys,"a small bag made of very thin rubber that becomes larger and rounder when you fill it with air or gas. Balloons are brig"
home-items,"packet",b2,,noun,imsky:nouns/containers,"a small container made of paper or card in which goods are packed for selling"
home-items,"bureau",,2734,noun,imsky:nouns/storage,""
home-items,"bench",c1,3219,noun,imsky:nouns/furniture,"a long seat for two or more people, usually made of wood"
home-items,"couch",,3377,noun,imsky:nouns/furniture,""
home-items,"carrier",,3440,noun,imsky:nouns/containers,""
home-items,"alien",c1,3474,noun|adjective,yle:toys,"strange and frightening; different from what you are used to"
home-items,"barrel",c1,3554,noun,imsky:nouns/containers,"a large round container, usually made of wood or metal, with flat ends and, usually, curved sides"
home-items,"doll",,4045,noun,yle:home,""
home-items,"horn",c1,4154,noun,imsky:nouns/music_instruments,"a hard pointed part that grows, usually in pairs, on the heads of some animals, such as sheep and cows. Horns are often "
home-items,"jar",,4626,noun,imsky:nouns/containers,""
home-items,"sack",c1,4742,noun|verb,imsky:nouns/containers,"to dismiss somebody from a job"
home-items,"bucket",,4786,noun,imsky:nouns/containers,""
home-items,"browser",c1,5021,noun,imsky:nouns/phones,"a computer program that lets you look at or read documents on the World Wide Web"
home-items,"cube",,,noun,imsky:nouns/containers,""
home-items,"pixel",,,noun,imsky:nouns/phones,""
home-items,"attache",,,noun,imsky:nouns/containers,""
home-items,"baggage",,,noun,imsky:nouns/containers,""
home-items,"basin",,,noun,imsky:nouns/containers,""
home-items,"beaker",,,noun,imsky:nouns/containers,""
home-items,"briefcase",,,noun,imsky:nouns/containers,""
home-items,"canteen",,,noun,imsky:nouns/containers,""
home-items,"carton",,,noun,imsky:nouns/containers,""
home-items,"cask",,,noun,imsky:nouns/containers,""
home-items,"casket",,,noun,imsky:nouns/containers,""
home-items,"coffer",,,noun,imsky:nouns/containers,""
home-items,"crate",,,noun,imsky:nouns/containers,""
home-items,"flask",,,noun,imsky:nouns/containers,""
home-items,"holder",,,noun,imsky:nouns/containers,""
home-items,"hutch",,,noun,imsky:nouns/containers,""
home-items,"jug",,,noun,imsky:nouns/containers,""
home-items,"luggage",,,noun,imsky:nouns/containers,""
home-items,"pod",,,noun,imsky:nouns/containers,""
bathroom-cleaning,"shower",a1,3093,noun|verb,manual-pin,"a piece of equipment producing a flow of water that you stand under to wash yourself; the small room or part of a room t"
bathroom-cleaning,"toilet",a1,3730,noun,manual-pin,"a large bowl attached to a pipe that you sit on or stand over when you get rid of waste matter from your body"
bathroom-cleaning,"organize",a2,1895,verb,manual-pin,"to make all the arrangements for something to happen or be provided"
bathroom-cleaning,"mirror",a2,2207,noun,manual-pin,"a piece of special flat glass that reflects images, so that you can see yourself when you look in it"
bathroom-cleaning,"towel",a2,3976,noun,manual-pin,"a piece of cloth or paper used for drying things, especially your body"
bathroom-cleaning,"soap",a2,4709,noun,manual-pin,"a substance that you use with water for washing your body"
bathroom-cleaning,"dust",b1,2635,noun,manual-pin,"a fine powder that consists of very small pieces of sand, earth, etc."
bathroom-cleaning,"sink",b1,3156,noun|verb,manual-pin,"to go down below the surface or towards the bottom of a liquid or soft substance"
bathroom-cleaning,"tissue",b2,2948,noun,manual-pin,"a piece of soft paper, used especially as a handkerchief"
bathroom-cleaning,"sweep",b2,3181,noun|verb,manual-pin,"to clean a room, surface, etc. using a broom (= a type of brush on a long handle)"
bathroom-cleaning,"wipe",c1,2834,verb,manual-pin,"to rub something against a surface, in order to remove dirt or liquid from it; to rub a surface with a cloth, etc. in or"
bathroom-cleaning,"drain",c1,4354,verb,manual-pin,"to make something empty or dry by removing the liquid from it; to become empty or dry in this way"
bathroom-cleaning,"tub",,,noun,manual-pin,""
bathroom-cleaning,"showerhead",,,,manual-pin,""
bathroom-cleaning,"toilet paper",,,,manual-pin,""
bathroom-cleaning,"washcloth",,,,manual-pin,""
bathroom-cleaning,"sponge",,,,manual-pin,""
bathroom-cleaning,"rag",,,,manual-pin,""
bathroom-cleaning,"mop",,,,manual-pin,""
bathroom-cleaning,"broom",,,,manual-pin,""
bathroom-cleaning,"dustpan",,,,manual-pin,""
bathroom-cleaning,"vacuum cleaner",,,,manual-pin,""
bathroom-cleaning,"detergent",,,,manual-pin,""
bathroom-cleaning,"bleach",,,,manual-pin,""
bathroom-cleaning,"disinfectant",,,,manual-pin,""
bathroom-cleaning,"shampoo",,,,manual-pin,""
bathroom-cleaning,"conditioner",,,,manual-pin,""
bathroom-cleaning,"lotion",,,,manual-pin,""
bathroom-cleaning,"razor",,,,manual-pin,""
bathroom-cleaning,"shaving cream",,,,manual-pin,""
bathroom-cleaning,"toothbrush",,,,manual-pin,""
bathroom-cleaning,"toothpaste",,,,manual-pin,""
bathroom-cleaning,"floss",,,,manual-pin,""
bathroom-cleaning,"mouthwash",,,,manual-pin,""
bathroom-cleaning,"shower curtain",,,,manual-pin,""
bathroom-cleaning,"bath mat",,,,manual-pin,""
bathroom-cleaning,"plunger",,,,manual-pin,""
bathroom-cleaning,"mold",,,,manual-pin,""
bathroom-cleaning,"mildew",,,,manual-pin,""
bathroom-cleaning,"crumbs",,,,manual-pin,""
bathroom-cleaning,"lint",,,,manual-pin,""
bathroom-cleaning,"foam",,,,manual-pin,""
bathroom-cleaning,"grime",,,,manual-pin,""
bathroom-cleaning,"grease",,,,manual-pin,""
bathroom-cleaning,"scrub",,,,manual-pin,""
bathroom-cleaning,"rinse",,,,manual-pin,""
bathroom-cleaning,"soak",,,,manual-pin,""
bathroom-cleaning,"lather",,,,manual-pin,""
bathroom-cleaning,"flush",,,noun|adjective,manual-pin,""
bathroom-cleaning,"spray",,,,manual-pin,""
bathroom-cleaning,"mop up",,,,manual-pin,""
bathroom-cleaning,"tidy up",,,,manual-pin,""
bathroom-cleaning,"declutter",,,,manual-pin,""
bathroom-cleaning,"sanitize",,,,manual-pin,""
texture-surface,"hard",a1,430,adjective|adverb,manual-pin,"difficult to do, understand or answer"
texture-surface,"soft",a2,1762,adjective,manual-pin,"changing shape easily when pressed; not stiff or hard"
texture-surface,"rough",b1,2847,adjective,manual-pin,"having a surface that is not even or regular"
texture-surface,"smooth",b1,2903,noun|adjective,manual-pin,"completely flat and even, without any rough areas or holes"
texture-surface,"shiny",b1,,adjective,manual-pin,"smooth and bright; reflecting the light"
texture-surface,"firm",b2,1202,noun|adjective,manual-pin,"a business or company"
texture-surface,"slippery",,,,manual-pin,""
texture-surface,"dusty",,,,manual-pin,""
texture-surface,"greasy",,,adjective,manual-pin,""
texture-surface,"damp",,,adjective,manual-pin,""
texture-surface,"soggy",,,,manual-pin,""
texture-surface,"cracked",,,,manual-pin,""
texture-surface,"stained",,,,manual-pin,""
texture-surface,"rusty",,,,manual-pin,""
texture-surface,"glossy",,,adjective,manual-pin,""
texture-surface,"matte",,,adjective,manual-pin,""
texture-surface,"fluffy",,,,manual-pin,""
texture-surface,"spongy",,,,manual-pin,""
texture-surface,"lumpy",,,,manual-pin,""
texture-surface,"bumpy",,,,manual-pin,""
texture-surface,"flaky",,,,manual-pin,""
texture-surface,"brittle",,,,manual-pin,""
texture-surface,"fragile",,,,manual-pin,""
texture-surface,"sturdy",,,,manual-pin,""
texture-surface,"wrinkled",,,,manual-pin,""
texture-surface,"creased",,,,manual-pin,""
texture-surface,"dented",,,,manual-pin,""
texture-surface,"chipped",,,,manual-pin,""
texture-surface,"frayed",,,adjective,manual-pin,""
texture-surface,"torn",,,,manual-pin,""
texture-surface,"patchy",,,,manual-pin,""
texture-surface,"one",a1,60,adjective|noun,imsky:adjectives/quantity,"the number 1"
texture-surface,"some",a1,67,adjective,imsky:adjectives/quantity,"used with uncountable nouns or plural countable nouns to mean ‘an amount of’ or ‘a number of’, when the amount or number"
texture-surface,"other",a1,74,adjective,imsky:adjectives/quantity,"used to refer to people or things that are additional or different to people or things that have been mentioned or are k"
texture-surface,"many",a1,113,adjective,imsky:adjectives/quantity,"used with plural nouns and verbs, especially in negative sentences or in more formal English, to mean ‘a large number of"
texture-surface,"great",a1,138,adjective,imsky:adjectives/weather,"very good or pleasant"
texture-surface,"big",a1,156,adjective,imsky:adjectives/size,"large in size, degree, amount, etc."
texture-surface,"every",a1,165,adjective,imsky:adjectives/quantity,"used with singular nouns to refer to all the members of a group of things or people"
texture-surface,"another",a1,166,adjective,imsky:adjectives/quantity,"one more; an extra thing or person"
texture-surface,"few",a1,198,adjective,imsky:adjectives/quantity,"used with plural nouns and a plural verb to mean ‘a small number’, ‘some’"
texture-surface,"each",a1,234,adjective|adverb,imsky:adjectives/quantity,"used to refer to every one of two or more people or things, when you are thinking about them separately"
texture-surface,"little",a1,238,adjective|adverb,imsky:adjectives/size,"not big; small; smaller than others"
texture-surface,"small",a1,248,adjective,imsky:adjectives/size,"not large in size, number, degree, amount, etc."
texture-surface,"large",a1,270,adjective,imsky:adjectives/size,"big in size or quantity"
texture-surface,"long",a1,284,adjective|adverb,imsky:adjectives/size,"measuring or covering a great length or distance, or a greater length or distance than usual"
texture-surface,"black",a1,340,adjective|noun,imsky:adjectives/colors,"having the very darkest colour, like coal or the sky at night"
texture-surface,"white",a1,386,adjective|noun,imsky:adjectives/colors,"having the colour of fresh snow or of milk"
texture-surface,"full",a1,470,adjective,imsky:adjectives/shape,"containing or holding as much or as many as possible; having no empty space"
texture-surface,"nice",a1,531,adjective,imsky:adjectives/weather,"pleasant or attractive"
texture-surface,"short",a1,669,adjective|adverb,imsky:adjectives/size,"measuring or covering a small length or distance, or a smaller length or distance than usual"
texture-surface,"red",a1,672,adjective|noun,imsky:adjectives/colors,"having the colour of blood or fire"
texture-surface,"hot",a1,755,adjective,imsky:adjectives/temperature,"having a high temperature; producing heat"
texture-surface,"dark",a1,933,noun|adjective,imsky:adjectives/appearance,"with no or very little light, especially because it is night"
texture-surface,"blue",a1,940,noun|adjective,imsky:adjectives/colors,"having the colour of a clear sky or the sea on a clear day"
texture-surface,"sun",a1,942,noun,yle:weather,"the star that shines in the sky during the day and gives the earth heat and light"
texture-surface,"green",a1,1005,adjective|noun,imsky:adjectives/colors,"having the colour of grass or the leaves of most plants and trees"
texture-surface,"cool",a1,1019,adjective|verb,imsky:adjectives/temperature,"fairly cold; not hot or warm"
texture-surface,"clean",a1,1574,adjective|verb,imsky:adjectives/appearance,"not dirty"
texture-surface,"weather",a1,1643,noun,yle:weather,"the condition of the atmosphere at a particular place and time, such as the temperature, and if there is wind, rain, sun"
texture-surface,"rain",a1,1812,noun|verb,yle:weather,"water that falls from the sky in separate drops"
texture-surface,"tall",a1,1848,adjective,imsky:adjectives/size,"having a greater than average height"
texture-surface,"fat",a1,2010,adjective|noun,imsky:adjectives/shape,"having too much flesh on it and weighing too much"
texture-surface,"brown",a1,2076,adjective|noun,imsky:adjectives/colors,"having the colour of earth or coffee"
texture-surface,"snow",a1,2092,adjective|noun|verb,imsky:adjectives/colors,"small soft white pieces (called flakes) of frozen water that fall from the sky in cold weather; this substance when it i"
texture-surface,"yellow",a1,2121,adjective|noun,imsky:adjectives/colors,"having the colour of lemons or butter"
texture-surface,"pink",a1,2634,adjective|noun,imsky:adjectives/colors,"pale red in colour"
texture-surface,"tomato",a1,3001,adjective|noun,imsky:adjectives/colors,"a soft fruit with a lot of juice and shiny red skin that is eaten as a vegetable either raw or cooked"
texture-surface,"purple",a1,4292,adjective|noun,imsky:adjectives/colors,"having the colour of blue and red mixed together"
texture-surface,"all",a2,43,adjective|adverb,imsky:adjectives/quantity,"completely"
texture-surface,"several",a2,387,adjective|noun,imsky:adjectives/quantity,"more than two but not very many"
texture-surface,"either",a2,537,adjective|adverb,imsky:adjectives/quantity,"used after negative phrases to state that a feeling or situation is similar to one already mentioned"
texture-surface,"huge",a2,883,adjective,imsky:adjectives/size,"extremely large in size or amount; great in degree"
texture-surface,"wide",a2,1168,adjective,imsky:adjectives/shape,"measuring a large distance from one side to the other"
texture-surface,"wind",a2,1226,noun|verb,yle:weather,"to have many bends and twists"
texture-surface,"sky",a2,1376,noun,yle:weather,"the space above the earth that you can see when you look up, where clouds and the sun, moon and stars appear"
texture-surface,"average",a2,1413,adjective|noun|verb,imsky:adjectives/size,"calculated by adding several amounts together, finding a total, and dividing the total by the number of amounts"
texture-surface,"storm",a2,1564,noun,yle:weather,"very bad weather with strong winds and rain, and often thunder and lightning"
texture-surface,"bright",a2,1588,noun|adjective,imsky:adjectives/appearance,"full of light; shining strongly"
texture-surface,"straight",a2,1642,adjective|noun|adverb,imsky:adjectives/shape,"without a bend or curve; going in one direction only"
texture-surface,"bone",a2,1684,noun|adjective,imsky:adjectives/colors,"any of the hard parts that form the skeleton of the body of a human or an animal"
texture-surface,"cloud",a2,1905,noun,yle:weather,"a grey or white mass that floats in the sky, made of very small drops of water "
texture-surface,"thin",a2,2013,adjective,imsky:adjectives/shape,"having a smaller distance between opposite sides or surfaces than other similar objects or than normal"
texture-surface,"thick",a2,2115,adjective,imsky:adjectives/shape,"having a larger distance between opposite sides or surfaces than other similar objects or than normal"
texture-surface,"round",a2,2365,noun|adjective|adverb,imsky:adjectives/shape,"having a shape like a circle or a ball"
texture-surface,"narrow",a2,2491,adjective|verb,imsky:adjectives/shape,"measuring a short distance from one side to the other, especially in relation to length"
texture-surface,"brilliant",a2,2913,adjective,imsky:adjectives/appearance,"extremely clever or impressive"
texture-surface,"flat",a2,3045,noun|adjective,imsky:adjectives/appearance,"having a level surface, not curved or sloping, and without holes or any bits sticking out"
texture-surface,"loud",a2,3336,adjective|adverb,imsky:adjectives/sound,"making a lot of noise"
texture-surface,"noisy",a2,,adjective,imsky:adjectives/sound,"making a lot of noise"
texture-surface,"tiny",b1,1578,adjective,imsky:adjectives/size,"very small in size or amount"
texture-surface,"solid",b1,2158,noun|adjective,imsky:adjectives/shape,"hard; not in the form of a liquid or gas"
texture-surface,"silent",b1,2424,adjective,imsky:adjectives/sound,"where there is little or no sound; making little or no sound"
texture-surface,"giant",b1,2563,adjective|noun,imsky:adjectives/size,"very large; much larger or more important than similar things usually are"
texture-surface,"coal",b1,3306,adjective|noun,imsky:adjectives/colors,"a hard black mineral that is found below the ground and burnt to produce heat"
texture-surface,"pale",b1,3562,adjective,imsky:adjectives/appearance,"having skin that is very light in colour; having skin that has less colour than usual because of illness, a strong emoti"
texture-surface,"medium",b1,3613,adjective|noun,imsky:adjectives/size,"in the middle between a larger and smaller size, amount, length, temperature, etc."
texture-surface,"broad",b2,1658,adjective,imsky:adjectives/shape,"wide"
texture-surface,"massive",b2,1904,adjective,imsky:adjectives/size,"very large, heavy and solid"
texture-surface,"numerous",b2,2378,adjective,imsky:adjectives/quantity,"existing in large numbers "
texture-surface,"jet",b2,2694,adjective|noun,imsky:adjectives/colors,"a plane driven by jet engines"
texture-surface,"dull",b2,,adjective,imsky:adjectives/appearance,"not interesting or exciting"
texture-surface,"bent",b2,,adjective,imsky:adjectives/shape,"not straight"
texture-surface,"pointed",b2,,adjective,imsky:adjectives/shape,"having a sharp end"
texture-surface,"color",,607,noun|verb|adjective,yle:colours,""
texture-surface,"gray",,2288,adjective|noun,imsky:adjectives/colors,""
texture-surface,"navy",,2695,adjective|noun,imsky:adjectives/colors,""
texture-surface,"corn",,2934,adjective|noun,imsky:adjectives/colors,""
texture-surface,"burning",,4344,adjective,imsky:adjectives/appearance,""
texture-surface,"sunny",,5044,adjective,imsky:adjectives/appearance,""
texture-surface,"heather",,,noun|adjective,imsky:adjectives/colors,""
clothes-details,"jacket",a1,2599,noun,manual-pin,"a piece of clothing worn on the top half of the body over a shirt, etc. that has arms and fastens down the front; a shor"
clothes-details,"fly",a2,1083,noun|verb,manual-pin,"a small flying insect with two wings. There are many different types of fly and many of them spread disease."
clothes-details,"pocket",a2,1836,noun,manual-pin,"a small piece of material like a small bag sewn into or onto a piece of clothing so that you can carry things in it"
clothes-details,"dry",a2,1926,adjective|verb,manual-pin,"not wet or sticky; without water or moisture"
clothes-details,"wash",a2,2316,noun|verb,manual-pin,"an act of cleaning somebody/something using water and usually soap"
clothes-details,"button",a2,2317,noun,manual-pin,"a small round piece of metal, plastic, etc. that is sewn onto a piece of clothing and used for fastening two parts toget"
clothes-details,"hang",b1,843,verb,manual-pin,"to attach something, or to be attached, at the top so that the lower part is free or loose"
clothes-details,"iron",b1,2517,noun|adjective|verb,manual-pin,"a chemical element. Iron is a hard strong metal that is used to make steel and is also found in small quantities in bloo"
clothes-details,"tight",b1,3059,adjective|adverb,manual-pin,"held or fixed in position securely; difficult to move, open or separate"
clothes-details,"leather",b1,3535,adjective|noun,manual-pin,"material made by removing the hair or fur from animal skins and preserving the skins using special processes"
clothes-details,"cotton",b1,4052,noun,manual-pin,"a plant grown in warm countries for the soft white hairs around its seeds that are used to make cloth and thread"
clothes-details,"underwear",b1,,noun,manual-pin,"clothes that you wear under other clothes and next to the skin"
clothes-details,"wool",b1,,noun,manual-pin,"the soft hair that covers the body of sheep and some other animals"
clothes-details,"tear",b2,2059,noun|verb,manual-pin,"a hole that has been made in something by tearing"
clothes-details,"loose",b2,3155,adjective,manual-pin,"not securely fixed where it should be; able to become separated from something"
clothes-details,"fold",b2,4131,noun|verb,manual-pin,"a part of something, especially cloth, that is folded or hangs as if it had been folded"
clothes-details,"silk",b2,4981,noun,manual-pin,"fine soft thread produced by silkworms"
clothes-details,"snap",c1,2866,verb,manual-pin,"to break something suddenly with a sharp noise; to be broken in this way"
clothes-details,"patch",c1,3594,noun|verb,manual-pin,"a small area of something, especially one which is different from the area around it"
clothes-details,"sleeve",,4993,noun,manual-pin,""
clothes-details,"collar",,5038,noun,manual-pin,""
clothes-details,"zipper",,,,manual-pin,""
clothes-details,"shoelace",,,,manual-pin,""
clothes-details,"hood",,,,manual-pin,""
clothes-details,"cuff",,,,manual-pin,""
clothes-details,"seam",,,,manual-pin,""
clothes-details,"hem",,,,manual-pin,""
clothes-details,"wrinkle",,,,manual-pin,""
clothes-details,"lining",,,,manual-pin,""
clothes-details,"strap",,,,manual-pin,""
clothes-details,"belt loop",,,,manual-pin,""
clothes-details,"buckle",,,,manual-pin,""
clothes-details,"velcro",,,,manual-pin,""
clothes-details,"lace",,,,manual-pin,""
clothes-details,"ribbon",,,noun,manual-pin,""
clothes-details,"stitch",,,,manual-pin,""
clothes-details,"undershirt",,,,manual-pin,""
clothes-details,"tank top",,,,manual-pin,""
clothes-details,"long sleeve",,,,manual-pin,""
clothes-details,"sweatshirt",,,,manual-pin,""
clothes-details,"hoodie",,,,manual-pin,""
clothes-details,"pullover",,,,manual-pin,""
clothes-details,"cardigan",,,,manual-pin,""
clothes-details,"vest",,,,manual-pin,""
clothes-details,"raincoat",,,,manual-pin,""
clothes-details,"parka",,,,manual-pin,""
clothes-details,"windbreaker",,,,manual-pin,""
clothes-details,"scarf",,,noun,manual-pin,""
clothes-details,"beanie",,,,manual-pin,""
clothes-details,"mittens",,,,manual-pin,""
clothes-details,"flip-flops",,,,manual-pin,""
clothes-details,"sandals",,,,manual-pin,""
clothes-details,"sneakers",,,noun,manual-pin,""
clothes-details,"slippers",,,,manual-pin,""
clothes-details,"boots",,,,manual-pin,""
clothes-details,"pajamas",,,noun,manual-pin,""
clothes-details,"robe",,,,manual-pin,""
clothes-details,"apron",,,noun,manual-pin,""
clothes-details,"overalls",,,,manual-pin,""
clothes-details,"jumpsuit",,,,manual-pin,""
clothes-details,"denim",,,noun|adjective,manual-pin,""
clothes-details,"nylon",,,,manual-pin,""
clothes-details,"polyester",,,,manual-pin,""
clothes-details,"fleece",,,,manual-pin,""
clothes-details,"plaid",,,,manual-pin,""
clothes-details,"striped",,,adjective,manual-pin,""
clothes-details,"checkered",,,,manual-pin,""
clothes-details,"baggy",,,,manual-pin,""
clothes-details,"snug",,,,manual-pin,""
clothes-details,"oversized",,,,manual-pin,""
clothes-details,"mend",,,,manual-pin,""
clothes-details,"stain",,,noun,manual-pin,""
clothes-details,"wear",a1,542,verb,yle:clothes,"to have something on your body as a piece of clothing, a decoration, etc."
clothes-details,"shoe",a1,1524,noun,yle:clothes,"one of a pair of objects usually made of leather or plastic that you wear on your feet"
clothes-details,"dress",a1,1641,noun|verb,yle:clothes,"a piece of clothing that is made in one piece and hangs down to cover the body as far as the legs, sometimes reaching to"
clothes-details,"shirt",a1,1928,noun,yle:clothes,"a piece of clothing worn on the upper part of the body, made of light cloth, with sleeves and usually with a collar and "
clothes-details,"hat",a1,2028,noun,yle:clothes,"a piece of clothing made to fit the head, often with a brim (= a flat edge that sticks out), usually worn out of doors"
clothes-details,"coat",a1,2580,verb|noun,yle:clothes,"a piece of outdoor clothing that is worn over other clothes to keep warm or dry. Coats have sleeves (= parts covering th"
clothes-details,"t-shirt",a1,3914,noun,yle:clothes,"an informal shirt, usually with short sleeves (= arms) no collar or buttons, or just a few buttons at the top"
clothes-details,"jeans",a1,3955,noun,yle:clothes,"trousers made of denim (= a type of strong cotton)"
clothes-details,"skirt",a1,4220,noun,yle:clothes,"a piece of clothing that hangs from the middle part of the body"
clothes-details,"sweater",a1,,noun,yle:clothes,"a piece of clothing for the upper part of the body, made of wool or cotton, with long sleeves"
clothes-details,"umbrella",a1,,noun,yle:clothes,"an object with a round folding frame of long, straight pieces of metal covered with material, that you use to protect yo"
clothes-details,"belt",a2,2683,noun,yle:clothes,"a long narrow piece of leather, cloth, etc. that you wear around the middle part of your body"
clothes-details,"uniform",a2,3334,adjective|noun,yle:clothes,"the special set of clothes worn by all members of an organization or a group at work, or by children at school"
clothes-details,"sock",a2,4505,noun,yle:clothes,"a piece of clothing that is worn over the foot, ankle and lower part of the leg, especially inside a shoe"
clothes-details,"pants",a2,,noun,yle:clothes,"underpants or knickers"
clothes-details,"spot",b1,1287,noun|verb,yle:clothes,"a small round area that has a different colour or feels different from the surface it is on"
clothes-details,"glove",b1,3527,noun,yle:clothes,"a piece of clothing for the hand, made of wool, leather, etc. with separate parts for each finger and the thumb"
clothes-details,"costume",b1,3758,noun,yle:clothes,"the clothes worn by people from a particular place or during a particular historical period"
clothes-details,"helmet",b2,4609,noun,yle:clothes,"a type of hard hat that protects the head, worn, for example, by a police officer, a soldier or a person riding a bike o"
clothes-details,"crown",c1,4026,noun,yle:clothes,"an object in the shape of a circle, usually made of gold and precious stones, that a king or queen wears on his or her h"
clothes-details,"glasses",,,noun,yle:clothes,""
clothes-details,"handbag",,,noun,yle:clothes,""
clothes-details,"shorts",,,noun,yle:clothes,""
clothes-details,"swimsuit",,,noun,yle:clothes,""
clothes-details,"bracelet",,,noun,yle:clothes,""
clothes-details,"necklace",,,noun,yle:clothes,""
clothes-details,"spotted",,,adjective,yle:clothes,""
clothes-details,"stripe",,,noun,yle:clothes,""
clothes-details,"sunglasses",,,noun,yle:clothes,""
body-actions,"wave",a2,1595,noun|verb,manual-pin,"a raised line of water that moves across the surface of the sea, ocean, etc."
body-actions,"ankle",a2,4303,noun,manual-pin,"the joint connecting the foot to the leg; the narrow part of the leg just above the ankle joint"
body-actions,"lip",b1,1861,noun,manual-pin,"either of the two soft edges at the opening to the mouth"
body-actions,"tongue",b1,3022,noun,manual-pin,"the soft part in the mouth that moves around, used for tasting, swallowing, speaking, etc."
body-actions,"palm",b2,2693,noun,manual-pin,"a straight tree with a mass of long leaves at the top, growing in tropical countries. There are several types of palm tr"
body-actions,"hip",b2,3026,noun,manual-pin,"the area at either side of the body between the top of the leg and the middle part of the body; the joint at the top of "
body-actions,"heel",b2,3408,noun|verb,manual-pin,"the back part of the foot below the ankle"
body-actions,"temple",b2,3670,noun,manual-pin,"a building used for religious worship, especially in religions other than Christianity"
body-actions,"wrist",b2,4107,noun,manual-pin,"the joint between the hand and the arm"
body-actions,"elbow",b2,4241,noun,manual-pin,"the joint between the upper and lower parts of the arm where it bends in the middle"
body-actions,"nod",c1,1996,verb,manual-pin,"if you nod, nod your head or your head nods, you move your head up and down to show agreement, understanding, etc."
body-actions,"shrug",c1,3846,verb,manual-pin,"to raise your shoulders and then drop them to show that you do not know or care about something"
body-actions,"sweat",,4252,noun,manual-pin,""
body-actions,"chin",,4428,noun,manual-pin,""
body-actions,"forehead",,4447,noun,manual-pin,""
body-actions,"jaw",,4513,verb|noun,manual-pin,""
body-actions,"sole",c1,4638,noun|adjective,manual-pin,"only; single"
body-actions,"gasp",,4716,verb,manual-pin,""
body-actions,"spit",,4802,verb,manual-pin,""
body-actions,"thigh",,5023,noun,manual-pin,""
body-actions,"eyebrow",,5029,noun,manual-pin,""
body-actions,"blink",,,,manual-pin,""
body-actions,"yawn",,,,manual-pin,""
body-actions,"sneeze",,,,manual-pin,""
body-actions,"cough",,,noun|verb,manual-pin,""
body-actions,"shiver",,,,manual-pin,""
body-actions,"limp",,,,manual-pin,""
body-actions,"itch",,,,manual-pin,""
body-actions,"numb",,,,manual-pin,""
body-actions,"dizzy",,,,manual-pin,""
body-actions,"sore",,,,manual-pin,""
body-actions,"sniff",,,,manual-pin,""
body-actions,"frown",,,,manual-pin,""
body-actions,"flinch",,,,manual-pin,""
body-actions,"wince",,,,manual-pin,""
body-actions,"twitch",,,noun,manual-pin,""
body-actions,"hiccup",,,,manual-pin,""
body-actions,"burp",,,,manual-pin,""
body-actions,"belch",,,,manual-pin,""
body-actions,"gag",,,,manual-pin,""
body-actions,"choke",,,,manual-pin,""
body-actions,"cramp",,,,manual-pin,""
body-actions,"bruise",,,,manual-pin,""
body-actions,"scab",,,noun,manual-pin,""
body-actions,"blister",,,verb,manual-pin,""
body-actions,"rash",,,,manual-pin,""
body-actions,"wheeze",,,,manual-pin,""
body-actions,"snore",,,,manual-pin,""
body-actions,"drool",,,,manual-pin,""
body-actions,"grin",,,,manual-pin,""
body-actions,"pout",,,,manual-pin,""
body-actions,"fingernail",,,,manual-pin,""
body-actions,"toenail",,,,manual-pin,""
body-actions,"eyelash",,,,manual-pin,""
body-actions,"eyelid",,,,manual-pin,""
body-actions,"gums",,,,manual-pin,""
body-actions,"cheekbone",,,,manual-pin,""
body-actions,"collarbone",,,,manual-pin,""
body-actions,"spine",c1,,noun,manual-pin,"the row of small bones that are connected together down the middle of the back"
body-actions,"ribs",,,,manual-pin,""
body-actions,"calf",,,,manual-pin,""
body-actions,"hand",a1,194,noun|verb,yle:body_and_face,"the part of the body at the end of the arm, including the fingers and thumb"
body-actions,"play",a1,196,noun|verb,yle:sports_and_leisure,"a piece of writing performed by actors in a theatre or on television or radio"
body-actions,"head",a1,278,noun|verb,yle:body_and_face,"the part of the body on top of the neck containing the eyes, nose, mouth and brain"
body-actions,"team",a1,282,noun|verb,yle:sports_and_leisure,"a group of people who play a particular game or sport against another group of people"
body-actions,"eye",a1,283,noun,yle:body_and_face,"either of the two organs on the face that you see with"
body-actions,"meet",a1,294,adjective|verb,yle:sports_and_leisure,"to be in the same place as somebody by chance and talk to them"
body-actions,"sit",a1,318,verb,imsky:verbs/movement,"to rest your weight on your bottom with your back straight, for example on/in a chair"
body-actions,"party",a1,327,noun,yle:sports_and_leisure,"a social occasion, often in a person’s home, at which people eat, drink, talk, dance and enjoy themselves"
body-actions,"member",a1,341,noun|verb,yle:sports_and_leisure,"a person, an animal or a plant that belongs to a particular group"
body-actions,"body",a1,348,noun,yle:body_and_face,"the whole physical structure of a human or an animal"
body-actions,"face",a1,369,noun|verb,yle:body_and_face,"the front part of the head, where the eyes, nose and mouth are "
body-actions,"walk",a1,384,noun|verb,imsky:verbs/movement,"a journey on foot, usually for pleasure or exercise"
body-actions,"foot",a1,458,noun,yle:body_and_face,"the lowest part of the leg, below the ankle, on which a person or an animal stands"
body-actions,"fine",a1,509,adjective|noun|verb,yle:health,"in good health"
body-actions,"movie",a1,510,noun,yle:sports_and_leisure,"a series of moving pictures recorded with sound that tells a story, watched at a movie theater or on a television or oth"
body-actions,"player",a1,514,noun,yle:sports_and_leisure,"a person who takes part in a game or sport"
body-actions,"photo",a1,541,noun,yle:sports_and_leisure,"a picture that is made by using a camera that stores images in digital form or that has a film sensitive to light inside"
body-actions,"practice",a1,562,noun|verb,yle:sports_and_leisure,"doing an activity or training regularly so that you can improve your skill; the time you spend doing this"
body-actions,"doctor",a1,591,noun,yle:health,"a person who has been trained in medical science, whose job is to treat people who are ill or injured"
body-actions,"arm",a1,601,noun|verb,yle:body_and_face,"either of the two long parts that stick out from the top of the body and connect the shoulders to the hands"
body-actions,"video",a1,633,noun,yle:sports_and_leisure,"a system of recording moving pictures and sound, either using a digital method of storing data or (in the past) using vi"
body-actions,"hair",a1,673,noun,yle:body_and_face,"the substance that looks like a mass of fine threads growing on a person's head"
body-actions,"computer",a1,691,noun,yle:health,"an electronic machine that can store, organize and find information, do processes with numbers and other data, and contr"
body-actions,"song",a1,749,noun,yle:sports_and_leisure,"a short piece of music with words that you sing"
body-actions,"enjoy",a1,750,verb,yle:sports_and_leisure,"to get pleasure from something"
body-actions,"sport",a1,844,noun,yle:sports_and_leisure,"activity that you do for pleasure and that needs physical effort or skill, usually done in a special area and according "
body-actions,"present",a1,865,noun|adjective|verb,yle:sports_and_leisure,"existing or happening now"
body-actions,"ball",a1,877,noun,yle:sports_and_leisure,"a round object used for throwing, hitting or kicking in games and sports"
body-actions,"sing",a1,1066,verb,yle:sports_and_leisure,"to make musical sounds with your voice in the form of a song or tune"
body-actions,"march",a1,1115,verb|noun,imsky:verbs/movement,"the 3rd month of the year, between February and April"
body-actions,"magazine",a1,1273,noun|verb,yle:sports_and_leisure,"a type of large thin book with a paper cover that you can buy every week or month, containing articles, photographs, etc"
body-actions,"beach",a1,1394,noun,yle:sports_and_leisure,"an area of sand or small stones (called shingle), next to the sea or a lake"
body-actions,"sick",a1,1412,adjective,yle:health,"physically or mentally ill"
body-actions,"boat",a1,1491,noun,yle:sports_and_leisure,"a vehicle (smaller than a ship) that travels on water, moved by oars, sails or a motor"
body-actions,"ear",a1,1569,noun,yle:body_and_face,"either of the organs on the sides of the head that you hear with"
body-actions,"email",a1,1738,noun|verb,yle:sports_and_leisure,"a way of sending messages and data to other people by means of computers connected together in a network"
body-actions,"tired",a1,1818,adjective,yle:health,"feeling that you would like to sleep or rest; needing rest"
body-actions,"dance",a1,1927,verb|noun,yle:sports_and_leisure,"a series of movements and steps that are usually performed to music; a particular example of these movements and steps"
body-actions,"tooth",a1,1933,noun,yle:body_and_face,"any of the hard white structures in the mouth used for biting food"
body-actions,"nose",a1,1972,noun,yle:body_and_face,"the part of the face that sticks out above the mouth, used for breathing and smelling things"
body-actions,"holiday",a1,1997,noun,yle:sports_and_leisure,"a period of time when you are not at work or school"
body-actions,"nurse",a1,2033,noun,yle:health,"a person whose job is to take care of sick or injured people, usually in a hospital"
body-actions,"bike",a1,2220,noun,yle:sports_and_leisure,"a bicycle"
body-actions,"festival",a1,2535,verb|noun,yle:sports_and_leisure,"a series of performances of music, plays, films, etc., usually organized in the same place once a year; a series of publ"
body-actions,"concert",a1,2729,verb|noun,yle:sports_and_leisure,"a public performance of music"
body-actions,"cd",a1,3587,noun,yle:sports_and_leisure,"a small disc on which sound or information is recorded. CDs can be played or read on various types of machines, includin"
body-actions,"tennis",a1,4018,noun,yle:sports_and_leisure,"a game in which two or four players use rackets to hit a ball backwards and forwards across a net on a specially marked "
body-actions,"hobby",a1,,noun,yle:sports_and_leisure,"an activity that you do for pleasure when you are not working"
body-actions,"dvd",a1,,noun,yle:sports_and_leisure,"a disk on which large amounts of information, especially films, photographs and video, can be stored, for use on a DVD p"
body-actions,"look",a2,81,verb|noun,imsky:verbs/look,"an act of looking at somebody/something"
body-actions,"back",a2,108,noun|adjective|adverb|verb,yle:body_and_face,"located behind or at the back of something"
body-actions,"program",a2,250,noun|verb,yle:sports_and_leisure,"a set of instructions in code that control the operations or functions of a computer"
body-actions,"stay",a2,361,verb|noun,imsky:verbs/movement,"a period of staying; a visit"
body-actions,"hit",a2,502,verb|noun,imsky:verbs/sports,"an act of hitting somebody/something with your hand or with an object held in your hand"
body-actions,"view",a2,528,noun|verb,imsky:verbs/look,"what you can see from a particular place or position, especially beautiful countryside"
body-actions,"matter",a2,575,noun|verb,yle:health,"used (to ask) if somebody is upset, unhappy, etc. or if there is a problem"
body-actions,"fight",a2,625,verb|noun,imsky:verbs/sports,"a struggle against somebody/something using physical force"
body-actions,"goal",a2,694,noun,yle:sports_and_leisure,"a frame with a net into which players must kick or hit the ball in order to score a point"
body-actions,"race",a2,730,noun|verb|adjective,imsky:verbs/movement,"a competition between people, animals, vehicles, etc. to see which one is the faster or fastest"
body-actions,"score",a2,1165,noun|verb,imsky:verbs/sports,"the number of points, goals, etc. scored by each player or team in a game or competition"
body-actions,"smile",a2,1308,noun|adjective|verb,yle:body_and_face,"the expression that you have on your face when you are happy or you think something is funny, in which the corners of yo"
body-actions,"jump",a2,1365,noun|verb,imsky:verbs/movement,"an act of jumping"
body-actions,"camp",a2,1419,noun|verb,yle:sports_and_leisure,"a place where people live temporarily in tents or temporary buildings"
body-actions,"ride",a2,1438,noun|verb,yle:sports_and_leisure,"a short journey in a vehicle, on a bicycle, etc."
body-actions,"speed",a2,1505,noun|verb,imsky:verbs/movement,"the rate at which somebody/something moves or travels"
body-actions,"temperature",a2,1585,noun,yle:health,"the measurement in degrees of how hot or cold a thing or place is"
body-actions,"medicine",a2,1645,noun,yle:health,"the study and treatment of diseases and injuries"
body-actions,"baseball",a2,1736,noun,yle:sports_and_leisure,"a game played especially in the US by two teams of nine players, using a bat and ball. Each player tries to hit the ball"
body-actions,"knee",a2,1781,noun,yle:body_and_face,"the joint between the top and bottom parts of the leg where it bends in the middle"
precise-actions,"fill",a1,777,verb,manual-pin,"to make something full of something; to become full of something"
precise-actions,"sort",a2,837,noun|verb,manual-pin,"a group or type of people or things that are similar in a particular way"
precise-actions,"shut",a2,1134,adjective|verb,manual-pin,"not open"
precise-actions,"lift",a2,1681,noun|verb,manual-pin,"a machine that carries people or goods up and down to different levels in a building or a mine"
precise-actions,"empty",a2,1832,adjective|verb,manual-pin,"with no people or things inside"
precise-actions,"drop",b1,723,verb|noun,manual-pin,"a very small amount of liquid that forms a round shape"
precise-actions,"shake",b1,1131,noun|verb,manual-pin,"an act of shaking somebody/something"
precise-actions,"kick",b1,1591,verb|noun,manual-pin,"a movement with the foot or the leg, usually to hit something with the foot"
precise-actions,"knock",b1,2005,noun|verb,manual-pin,"the sound of somebody hitting a door, window, etc. with their hand or with something hard to attract attention"
precise-actions,"click",b1,2177,noun|verb,manual-pin,"the act of pressing the button on a computer mouse or touchpad"
precise-actions,"pour",b1,2319,verb,manual-pin,"to make a liquid or other substance flow from a container in a continuous stream, especially by holding the container at"
precise-actions,"pack",b1,2368,noun|verb,manual-pin,"a container, usually made of paper, that holds a number of the same thing or an amount of something, ready to be sold"
precise-actions,"bend",b1,2615,noun|verb,manual-pin,"a curve or turn, especially in a road or river"
precise-actions,"slice",b1,3862,noun|verb,manual-pin,"a thin flat piece of bread, meat, cheese, etc. that has been cut off a larger piece; a piece of cake that has been cut f"
precise-actions,"grab",b2,1493,verb,manual-pin,"to take or hold somebody/something with your hand suddenly or roughly"
precise-actions,"load",b2,2419,noun|verb,manual-pin,"something that is being carried (usually in large amounts) by a person, vehicle, etc."
precise-actions,"tap",b2,3052,noun|verb,manual-pin,"a device for controlling the flow of water from a pipe into a bath or sink"
precise-actions,"rub",b2,3291,verb,manual-pin,"to move your hand, a cloth, etc., backwards and forwards over a surface while pressing it"
precise-actions,"dump",b2,3545,verb,manual-pin,"to get rid of something you do not want, especially in a place that is not suitable"
precise-actions,"spill",b2,3934,verb,manual-pin,"to flow over the edge of a container by accident; to make liquid do this"
precise-actions,"unfold",b2,4833,verb,manual-pin,"to spread open or flat something that has previously been folded; to become open and flat"
precise-actions,"chop",b2,4836,verb,manual-pin,"to cut something into pieces with a sharp tool such as a knife"
precise-actions,"scratch",b2,4854,verb|noun,manual-pin,"a mark, a cut or an injury made by scratching somebody’s skin or the surface of something"
precise-actions,"stir",c1,2411,verb,manual-pin,"to move a liquid or substance around, using a spoon or something similar, in order to mix it completely"
precise-actions,"toss",c1,2685,verb,manual-pin,"to throw something lightly or carelessly"
precise-actions,"squeeze",c1,3391,verb,manual-pin,"to press something, especially with your fingers"
precise-actions,"rip",c1,3422,verb,manual-pin,"to tear something or to become torn, often suddenly or violently"
precise-actions,"flip",,3723,verb,manual-pin,""
precise-actions,"twist",c1,4113,noun|verb,manual-pin,"the action of turning something with your hand, or of turning a part of your body"
precise-actions,"crush",c1,4347,verb,manual-pin,"to press something so hard that it is damaged or injured, or loses its shape"
precise-actions,"shove",,4441,verb,manual-pin,""
precise-actions,"peel",,4924,verb,manual-pin,""
precise-actions,"stack",,4932,noun,manual-pin,""
precise-actions,"poke",,,,manual-pin,""
precise-actions,"pinch",,,,manual-pin,""
precise-actions,"scrape",,,,manual-pin,""
precise-actions,"tug",,,,manual-pin,""
precise-actions,"pat",,,,manual-pin,""
precise-actions,"wring",,,,manual-pin,""
precise-actions,"plug",,,,manual-pin,""
precise-actions,"unplug",,,,manual-pin,""
precise-actions,"sprinkle",,,,manual-pin,""
precise-actions,"whisk",,,,manual-pin,""
precise-actions,"mash",,,,manual-pin,""
precise-actions,"grind",,,,manual-pin,""
precise-actions,"wiggle",,,,manual-pin,""
precise-actions,"jiggle",,,,manual-pin,""
precise-actions,"wipe down",,,,manual-pin,""
precise-actions,"rinse off",,,,manual-pin,""
precise-actions,"scoop",,,,manual-pin,""
precise-actions,"unload",,,,manual-pin,""
precise-actions,"unpack",,,verb,manual-pin,""
precise-actions,"flatten",,,,manual-pin,""
precise-actions,"crumple",,,,manual-pin,""
precise-actions,"shred",,,,manual-pin,""
precise-actions,"tighten",,,,manual-pin,""
precise-actions,"loosen",,,,manual-pin,""
precise-actions,"puncture",,,,manual-pin,""
precise-actions,"crack open",,,,manual-pin,""
precise-actions,"pry",,,,manual-pin,""
precise-actions,"wedge",,,,manual-pin,""
precise-actions,"be",a1,2,verb,fallback:verb-coca,"used when you are naming people or things, describing them or giving more information about them"
precise-actions,"have",a1,11,verb,fallback:verb-coca,"to own, hold or possess something"
precise-actions,"do",a1,15,verb,fallback:verb-coca,"used to refer to actions that you do not mention by name or do not know about"
precise-actions,"say",a1,26,verb|noun,fallback:verb-coca,"to speak or tell somebody something, using words"
precise-actions,"get",a1,34,verb,fallback:verb-coca,"to receive something"
precise-actions,"would",a1,49,verb,fallback:verb-coca,"used in polite offers or invitations"
precise-actions,"see",a1,56,verb,fallback:verb-coca,"to become aware of somebody/something by using your eyes"
precise-actions,"come",a1,61,verb,fallback:verb-coca,"to move to or towards a person or place"
precise-actions,"take",a1,63,noun|verb,fallback:verb-coca,"to carry or move something from one place to another"
precise-actions,"want",a1,68,verb,fallback:verb-coca,"to have a desire or a wish for something/somebody"
precise-actions,"could",a1,75,verb,fallback:verb-coca,"used as the past tense of ‘can’"
precise-actions,"give",a1,98,verb,fallback:verb-coca,"to hand something to somebody so that they can look at it, use it or keep it for a time"
precise-actions,"should",a1,110,verb,fallback:verb-coca,"used to show what is right, appropriate, etc., especially when criticizing somebody’s actions"
precise-actions,"let",a1,122,verb,fallback:verb-coca,"used for making suggestions or as a polite way of telling people what you want them to do"
precise-actions,"may",a1,127,verb|noun,fallback:verb-coca,"the fifth month of the year, between April and June"
precise-actions,"mean",a1,130,noun|adjective|verb,fallback:verb-coca,"to have something as a meaning in the same or another language"
precise-actions,"keep",a1,151,noun|verb,fallback:verb-coca,"to continue to have something and not give it back or throw it away"
precise-actions,"put",a1,153,verb,imsky:verbs/manipulation,"to move something into a particular place or position"
precise-actions,"help",a1,155,verb|noun,fallback:verb-coca,"the act of helping somebody to do something"
precise-actions,"own",a1,160,adjective|verb,fallback:verb-coca,"used to emphasize that something belongs to or is connected with somebody"
precise-actions,"become",a1,167,verb,fallback:verb-coca,"to start to be something"
precise-actions,"happen",a1,170,verb,fallback:verb-coca,"to take place, especially without being planned"
precise-actions,"show",a1,177,verb|noun,fallback:verb-coca,"a programme on television or the radio"
precise-actions,"hear",a1,184,verb,fallback:verb-coca,"to be aware of sounds with your ears"
precise-actions,"place",a1,186,verb|noun,imsky:verbs/manipulation,"a particular position, point or area"
precise-actions,"believe",a1,189,verb,fallback:verb-coca,"to feel certain that something is true or that somebody is telling you the truth"
precise-actions,"point",a1,193,noun|verb,fallback:verb-coca,"a thing that somebody says or writes giving their opinion or stating a fact"
precise-actions,"group",a1,199,noun|verb,imsky:verbs/collection,"a number of people or things that are together in the same place or that are connected in some way"
precise-actions,"bring",a1,213,verb,fallback:verb-coca,"to come to a place with somebody/something"
precise-actions,"must",a1,228,verb,fallback:verb-coca,"used to say that something is necessary or very important (sometimes involving a rule or a law)"
precise-actions,"begin",a1,232,verb,imsky:verbs/creation,"to start doing something; to do the first part of something"
precise-actions,"love",a1,233,verb|noun,fallback:verb-coca,"a very strong feeling of liking and caring for somebody/something, especially a member of your family or a friend"
precise-actions,"name",a1,262,noun|verb,fallback:verb-coca,"a word or words that a particular person, animal, place or thing is known by"
precise-actions,"lose",a1,273,noun|verb,fallback:verb-coca,"to be unable to find something/somebody"
precise-actions,"thank",a1,300,verb,fallback:verb-coca,"to tell somebody that you are grateful for something"
precise-actions,"watch",a1,315,noun|verb,fallback:verb-coca,"a type of small clock that you wear on your wrist, or (in the past) carried in your pocket"
precise-actions,"create",a1,319,verb,imsky:verbs/creation,"to make something happen or exist"
precise-actions,"include",a1,328,verb,fallback:verb-coca,"if one thing includes another, it has the second thing as one of its parts"
precise-actions,"follow",a1,332,verb,fallback:verb-coca,"to come or go after or behind somebody/something"
precise-actions,"remember",a1,334,verb,fallback:verb-coca,"to have or keep an image in your memory of an event, a person, a place, etc. from the past"
precise-actions,"add",a1,362,verb,imsky:verbs/manipulation,"to put something together with something else so as to increase the size, number, amount, etc."
precise-actions,"die",a1,371,verb,fallback:verb-coca,"to stop living"
precise-actions,"buy",a1,375,verb,fallback:verb-coca,"to obtain something by paying money for it"
precise-actions,"result",a1,376,noun|verb,fallback:verb-coca,"a thing that is caused or produced because of something else"
precise-actions,"send",a1,382,noun|verb,fallback:verb-coca,"to make something go or be taken to a place, especially by post, email, radio, etc."
precise-actions,"grow",a1,390,verb,fallback:verb-coca,"to increase in size, number, strength or quality"
precise-actions,"late",a1,401,adjective|adverb,imsky:adjectives/speed,"arriving, happening or done after the expected, arranged or usual time"
precise-actions,"please",a1,412,verb|adverb,fallback:verb-coca,"used as a polite way of asking for something or telling somebody to do something"
precise-actions,"build",a1,425,noun|verb,imsky:verbs/creation,"to make something, especially a building, by putting parts together"
precise-actions,"age",a1,429,noun|verb,fallback:verb-coca,"the number of years that a person has lived or a thing has existed"
precise-actions,"break",a1,450,verb|noun,imsky:verbs/destruction,"a short period of time when you stop what you are doing and rest, eat, etc."
precise-actions,"agree",a1,461,verb,fallback:verb-coca,"to have the same opinion as somebody; to say that you have the same opinion"
precise-actions,"decide",a1,468,verb,fallback:verb-coca,"to think carefully about the different possibilities that are available and choose one of them"
precise-actions,"sell",a1,484,verb,fallback:verb-coca,"to give something to somebody in exchange for money"
precise-actions,"action",a1,485,noun|verb,fallback:verb-coca,"the process of doing something in order to make something happen or to deal with a situation"
precise-actions,"explain",a1,500,verb,fallback:verb-coca,"to tell somebody about something in a way that makes it easy to understand"
precise-actions,"film",a1,549,noun|verb,fallback:verb-coca,"a series of moving pictures recorded with sound that tells a story, watched at a cinema or on a television or other devi"
precise-actions,"type",a1,552,noun|verb,fallback:verb-coca,"a class or group of people or things that share particular qualities or features and are part of a larger group; a kind "
precise-actions,"form",a1,556,noun|verb,fallback:verb-coca,"a type or variety of something"
precise-actions,"choose",a1,561,verb,fallback:verb-coca,"to decide which thing or person you want out of the ones that are available"
precise-actions,"join",a1,566,verb,fallback:verb-coca,"to fix or connect two or more things together"
precise-actions,"carry",a1,572,verb,fallback:verb-coca,"to support the weight of somebody/something and take them or it from place to place; to take somebody/something from one"
precise-actions,"cost",a1,579,noun|verb,fallback:verb-coca,"the amount of money that you need in order to buy, make or do something"
precise-actions,"miss",a1,596,verb|noun,fallback:verb-coca,"to be or arrive too late for something"
precise-actions,"describe",a1,609,verb,fallback:verb-coca,"to say what somebody/something is like"
precise-actions,"guess",a1,610,noun|verb,fallback:verb-coca,"an attempt to give an answer or an opinion when you cannot be certain if you are right"
precise-actions,"rule",a1,617,noun|verb,fallback:verb-coca,"a statement of what may, must or must not be done in a particular situation or when playing a game"
precise-actions,"list",a1,660,noun|verb,fallback:verb-coca,"a series of names, items, figures, etc., especially when they are written or printed"
precise-actions,"forget",a1,665,verb,fallback:verb-coca,"to not remember to do something that you ought to do, or to bring or buy something that you ought to bring or buy"
precise-actions,"order",a1,686,noun|verb,imsky:verbs/manipulation,"the way in which people or things are placed or arranged in relation to each other"
precise-actions,"note",a1,690,noun|verb,fallback:verb-coca,"a short piece of writing to help you remember something"
precise-actions,"draw",a1,721,verb|noun,imsky:verbs/collection,"to make pictures, or a picture of something, with a pencil, pen or chalk (but not paint)"
precise-actions,"compare",a1,800,verb,fallback:verb-coca,"to examine people or things to see how they are similar and how they are different"
precise-actions,"imagine",a1,860,verb,fallback:verb-coca,"to form a picture in your mind of what something might be like"
precise-actions,"laugh",a1,869,noun|verb,fallback:verb-coca,"the sound you make when you think that something is funny or silly "
precise-actions,"discuss",a1,873,verb,fallback:verb-coca,"to talk about something with somebody, especially in order to decide something"
precise-actions,"design",a1,875,noun|verb,fallback:verb-coca,"the general arrangement of the different parts of something that is made, such as a building, book, machine, etc."
precise-actions,"prepare",a1,881,verb,fallback:verb-coca,"to make something or somebody ready to be used or to do something"
precise-actions,"interview",a1,930,noun|verb,fallback:verb-coca,"a formal meeting at which somebody is asked questions to see if they are suitable for a particular job, or for a course "
school-life,"report",a1,477,noun|verb,manual-pin,"a written or spoken account of an event, especially one that is published or broadcast"
school-life,"project",a1,544,noun|verb,manual-pin,"a piece of work involving careful study of a subject over a period of time, done by school or college students"
school-life,"test",a1,627,noun|verb,manual-pin,"an examination of somebody’s knowledge or ability, consisting of questions for them to answer or activities for them to "
school-life,"final",a1,908,adjective|noun,manual-pin,"being or happening at the end of a series of events, actions, statements, etc."
school-life,"classroom",a1,1693,noun,manual-pin,"a room where a class of children or students is taught"
school-life,"gym",a1,3820,noun,manual-pin,"a room or hall with equipment for doing physical exercise, for example in a school"
school-life,"novel",a2,1646,noun|adjective,manual-pin,"a story long enough to fill a complete book, in which the characters and events are usually imaginary"
school-life,"circle",a2,1803,noun|verb,manual-pin,"a completely round flat shape"
school-life,"experiment",a2,2011,noun|verb,manual-pin,"a scientific test that is done in order to study what happens and to gain new knowledge"
school-life,"lab",a2,2191,noun,manual-pin,"a laboratory"
school-life,"essay",a2,2676,noun,manual-pin,"a short piece of writing by a student as part of a course of study"
school-life,"presentation",b1,2887,noun,manual-pin,"a meeting at which something, especially a new product or idea, or piece of work, is shown to a group of people"
school-life,"highlight",b1,2983,noun|verb,manual-pin,"the best, most interesting or most exciting part of something"
school-life,"assignment",b1,3275,noun,manual-pin,"a task or piece of work that somebody is given to do, usually as part of their job or studies"
school-life,"submit",b2,2565,verb,manual-pin,"to give a document, proposal, etc. to somebody in authority so that they can study or consider it"
school-life,"principal",b2,3482,adjective|noun,manual-pin,"most important; main"
school-life,"marker",b2,4669,noun,manual-pin,"an object or a sign that shows the position of something"
school-life,"textbook",b2,5040,noun,manual-pin,"a book that teaches a particular subject and that is used especially in schools and colleges"
school-life,"notebook",b2,,noun,manual-pin,"a small book of plain paper for writing notes in"
school-life,"counselor",,3372,noun,manual-pin,""
school-life,"hallway",,4161,noun,manual-pin,""
school-life,"locker",,4923,noun,manual-pin,""
school-life,"attendance",c1,4975,noun,manual-pin,"the act of being present at a place, for example at school"
school-life,"binder",,,,manual-pin,""
school-life,"folder",,,noun,manual-pin,""
school-life,"worksheet",,,,manual-pin,""
school-life,"handout",,,,manual-pin,""
school-life,"rubric",,,,manual-pin,""
school-life,"syllabus",,,,manual-pin,""
school-life,"cafeteria",,,,manual-pin,""
school-life,"janitor",,,,manual-pin,""
school-life,"glue stick",,,,manual-pin,""
school-life,"highlighter",,,,manual-pin,""
school-life,"eraser",,,noun,manual-pin,""
school-life,"sharpener",,,,manual-pin,""
school-life,"clipboard",,,,manual-pin,""
school-life,"stapler",,,,manual-pin,""
school-life,"ruler",,,noun,manual-pin,""
school-life,"compass",,,noun,manual-pin,""
school-life,"protractor",,,,manual-pin,""
school-life,"calculator",,,,manual-pin,""
school-life,"notepad",,,,manual-pin,""
school-life,"planner",,,,manual-pin,""
school-life,"workbook",,,,manual-pin,""
school-life,"paperback",,,,manual-pin,""
school-life,"hardcover",,,noun,manual-pin,""
school-life,"pencil case",,,,manual-pin,""
school-life,"backpack",,,noun,manual-pin,""
school-life,"lunchbox",,,,manual-pin,""
school-life,"water bottle",,,,manual-pin,""
school-life,"quiz",,,verb,manual-pin,""
school-life,"midterm",,,,manual-pin,""
school-life,"lab report",,,,manual-pin,""
school-life,"field trip",,,,manual-pin,""
school-life,"recess",,,,manual-pin,""
school-life,"detention",,,,manual-pin,""
school-life,"underline",,,,manual-pin,""
school-life,"cross out",,,,manual-pin,""
school-life,"fill in",,,,manual-pin,""
school-life,"hand in",,,,manual-pin,""
school-life,"turn in",,,,manual-pin,""
school-life,"tardy",,,,manual-pin,""
school-life,"absent",,,,manual-pin,""
school-life,"permission slip",,,,manual-pin,""
school-life,"rubber band",,,,manual-pin,""
school-life,"paperclip",,,,manual-pin,""
school-life,"tell",a1,92,verb,yle:school,"to give information to somebody by speaking or writing"
school-life,"find",a1,97,verb,yle:school,"to discover somebody/something unexpectedly or by chance"
school-life,"ask",a1,143,noun|verb,yle:school,"to say or write something in the form of a question, in order to get information"
school-life,"student",a1,179,noun,yle:school,"a person who is studying at a university or college"
school-life,"part",a1,183,verb|noun|adverb,yle:school,"some but not all of a thing"
school-life,"question",a1,206,noun|verb,yle:school,"a sentence, phrase or word that asks for information"
school-life,"write",a1,212,verb,yle:school,"to make letters or numbers on a surface, especially using a pen or a pencil"
school-life,"book",a1,218,noun|verb,yle:school,"a set of printed pages that are fastened inside a cover so that you can turn them and read them"
school-life,"word",a1,241,noun,yle:school,"a single unit of language that means something and can be spoken or written"
school-life,"read",a1,244,verb,yle:school,"to look at and understand the meaning of written or printed words or symbols"
school-life,"study",a1,259,verb|noun,yle:school,"the activity of learning or gaining knowledge, either from books or by examining things in the world"
school-life,"understand",a1,277,verb,yle:school,"to know or realize the meaning of words, a language, what somebody says, etc."
school-life,"line",a1,312,noun|verb,yle:school,"a long, thin mark on a surface"
school-life,"learn",a1,322,verb,yle:school,"to gain knowledge or skill by studying, from experience, from being taught, etc."
school-life,"history",a1,374,noun,yle:school,"all the events that happened in the past"
school-life,"open",a1,392,adjective|verb,yle:school,"allowing things or people to go through; not closed or blocked "
school-life,"teacher",a1,416,noun,yle:school,"a person whose job is teaching, especially in a school"
school-life,"music",a1,436,noun,yle:school,"sounds that are arranged in a way that is pleasant or exciting to listen to. People sing music or play it on instruments"
school-life,"art",a1,447,noun,yle:school,"the use of the imagination to express ideas or feelings, particularly in painting, drawing or sculpture "
school-life,"listen",a1,460,verb,yle:school,"to pay attention to somebody/something that you can hear"
school-life,"science",a1,565,noun,yle:school,"knowledge about the structure and behaviour of the natural and physical world, based on facts that you can prove, for ex"
school-life,"teach",a1,567,verb,yle:school,"to give lessons to students in a school, college, university, etc.; to help somebody learn something by giving informati"
school-life,"page",a1,624,noun,yle:school,"one side or both sides of a sheet of paper in a book, magazine, etc."
school-life,"language",a1,713,noun,yle:school,"the system of communication in speech and writing that is used by people of a particular country or area"
school-life,"answer",a1,742,noun|verb,yle:school,"something that you say, write or do to react to a question or situation"
school-life,"example",a1,775,noun,yle:school,"something such as an object, a fact or a situation that shows, explains or supports what you say"
school-life,"mistake",a1,1283,noun|verb,yle:school,"an action or an opinion that is not correct, or that produces a result that you did not want"
school-life,"lesson",a1,1450,noun,yle:school,"a period of time in which somebody is taught something"
school-life,"website",a1,1478,noun,yle:school,"a set of pages on the internet, where a company or an organization, or an individual person, puts information"
school-life,"online",a1,1503,adjective|adverb,yle:school,"available on or done using the internet or other computer network"
school-life,"painting",a1,1559,noun,yle:school,"a picture that has been painted"
school-life,"correct",a1,1668,noun|verb|adjective,yle:school,"accurate or true, without any mistakes "
school-life,"sentence",a1,1912,noun|verb,yle:school,"a set of words expressing a statement, a question or an order, usually containing a subject and a verb. In written Engli"
school-life,"pen",a1,3683,noun,yle:school,"an instrument made of plastic or metal used for writing with ink (= coloured liquid for writing, etc.)"
school-life,"spell",a1,4173,verb|noun,yle:school,"to say or write the letters of a word in the correct order"
school-life,"homework",a1,4483,noun,yle:school,"work that is given by teachers for students to do at home"
school-life,"dictionary",a1,,noun,yle:school,"a book or electronic resource that gives a list of the words of a language in alphabetical order and explains what they "
school-life,"pencil",a1,,noun,yle:school,"a narrow piece of wood, or a metal or plastic case, containing a black or coloured substance, used for drawing or writin"
school-life,"geography",a1,,noun,yle:school,"the scientific study of the earth’s surface, physical features, divisions, products, population, etc."
school-life,"close",a2,688,verb|adjective|adverb|noun,yle:school,"near in space or time"
school-life,"competition",a2,1621,noun,yle:school,"an event in which people compete with each other to find out who is the best at something"
school-life,"poster",a2,3677,noun,yle:school,"a large notice, often with a picture on it, that is put in a public place to advertise something"
school-life,"flag",b1,2450,noun,yle:school,"a piece of cloth with a special coloured design on it that may be the symbol of a particular country or organization, ma"
school-life,"subject",b2,803,noun|adjective,yle:school,"likely to be affected by something, especially something bad"
street-city,"wall",a1,676,noun,manual-pin,"a long, solid structure that rises straight up from the ground, made of stone, brick or concrete, that surrounds, divide"
street-city,"park",a1,719,noun|verb,manual-pin,"an area of public land in a town or a city where people go to walk, play and relax"
street-city,"driver",a1,1292,noun,manual-pin,"a person who drives a vehicle"
street-city,"sign",a2,858,noun|verb,manual-pin,"an event, an action, a fact, etc. that shows that something exists, is happening or may happen in the future"
street-city,"shoulder",a2,1239,noun,manual-pin,"either of the two parts of the body between the top of each arm and the neck"
street-city,"bridge",a2,1847,noun,manual-pin,"a structure that is built over a road, railway, river, etc. so that people, vehicles, etc. can cross from one side to th"
street-city,"gate",a2,2283,noun,manual-pin,"a barrier like a door that is used to close an opening in a fence or a wall outside a building"
street-city,"signal",b1,2125,noun|verb,manual-pin,"a movement or sound that you make to give somebody information, instructions, a warning, etc."
street-city,"fence",b1,3148,noun,manual-pin,"a structure made of wood or wire supported with posts that is put between two areas of land as a boundary, or around a g"
street-city,"highway",b2,2390,noun,manual-pin,"a main road for travelling long distances, especially one connecting and going through cities and towns"
street-city,"lane",b2,2769,noun,manual-pin,"a narrow road in the country"
street-city,"barrier",b2,2872,noun,manual-pin,"an object like a fence that prevents people from moving forward from one place to another"
street-city,"tunnel",b2,3600,noun,manual-pin,"a passage built underground, for example to allow a road or railway to go through a hill, under a river, etc."
street-city,"exit",b2,3983,noun|verb,manual-pin,"a way out of a public building or vehicle"
street-city,"yield",c1,3198,noun|verb,manual-pin,"the total amount of crops, profits, etc. that are produced"
street-city,"sidewalk",,4300,noun,manual-pin,""
street-city,"curb",,,noun,manual-pin,""
street-city,"crosswalk",,,,manual-pin,""
street-city,"pavement",,,,manual-pin,""
street-city,"pothole",,,,manual-pin,""
street-city,"intersection",,,noun,manual-pin,""
street-city,"traffic light",,,,manual-pin,""
street-city,"stop sign",,,,manual-pin,""
street-city,"roundabout",,,,manual-pin,""
street-city,"overpass",,,noun,manual-pin,""
street-city,"underpass",,,noun,manual-pin,""
street-city,"freeway",,,noun,manual-pin,""
street-city,"ramp",,,noun,manual-pin,""
street-city,"median",,,noun|adjective,manual-pin,""
street-city,"parking lot",,,noun,manual-pin,""
street-city,"parking meter",,,,manual-pin,""
street-city,"bus stop",,,noun,manual-pin,""
street-city,"bus lane",,,,manual-pin,""
street-city,"bike lane",,,,manual-pin,""
street-city,"fire hydrant",,,,manual-pin,""
street-city,"streetlight",,,,manual-pin,""
street-city,"lamppost",,,,manual-pin,""
street-city,"manhole",,,,manual-pin,""
street-city,"pedestrian",,,,manual-pin,""
street-city,"cyclist",,,noun,manual-pin,""
street-city,"jaywalker",,,,manual-pin,""
street-city,"commuter",,,,manual-pin,""
street-city,"rush hour",,,,manual-pin,""
street-city,"traffic jam",,,,manual-pin,""
street-city,"pull over",,,,manual-pin,""
street-city,"merge",c1,,noun|verb,manual-pin,"to combine or make two or more things combine to form a single thing"
street-city,"detour",,,verb,manual-pin,""
street-city,"tow",,,,manual-pin,""
street-city,"honk",,,,manual-pin,""
street-city,"speed up",,,,manual-pin,""
street-city,"slow down",,,,manual-pin,""
street-city,"in",a1,7,adverb,yle:places_and_directions,"into an object, an area or a substance"
street-city,"on",a1,18,adjective|adverb,yle:places_and_directions,"on somebody’s body; being worn"
street-city,"there",a1,55,noun|adverb,yle:places_and_directions,"used to show that something exists or happens"
street-city,"here",a1,78,noun|adverb,yle:places_and_directions,"used after a verb or preposition to mean ‘in, at or to this position or place’"
street-city,"over",a1,142,adverb,yle:places_and_directions,"across a street, an open space, etc."
street-city,"turn",a1,197,verb|noun,imsky:verbs/driving,"the time when somebody in a group of people should or is allowed to do something"
street-city,"under",a1,253,adverb,yle:places_and_directions,"below something"
street-city,"stop",a1,257,verb|noun,imsky:verbs/driving,"a place where a bus or train stops regularly for passengers to get on or off"
street-city,"end",a1,303,noun|verb,yle:places_and_directions,"the final part of a period of time, an event, an activity or a story"
street-city,"car",a1,321,noun,imsky:nouns/automobiles,"a road vehicle with an engine and four wheels that can carry a small number of passengers"
street-city,"door",a1,385,noun,imsky:nouns/car_parts,"a piece of wood, glass, etc. that is opened and closed so that people can get in and out of a room, building, car, etc.;"
street-city,"college",a1,435,noun,yle:places_and_directions,"(in the UK) a place where students go to study or to receive training after they have left school"
street-city,"class",a1,439,noun,imsky:nouns/travel,"a group of students who are taught together"
street-city,"behind",a1,471,adverb,yle:places_and_directions,"at or towards the back of somebody/something; further back"
street-city,"light",a1,521,noun|adjective|verb,imsky:nouns/car_parts,"pale in colour"
street-city,"space",a1,543,noun,imsky:nouns/travel,"the area outside the earth’s atmosphere where all the other planets and stars are"
street-city,"road",a1,555,noun,imsky:nouns/driving,"a hard surface built for vehicles to travel on"
street-city,"building",a1,588,noun,yle:places_and_directions,"a structure such as a house or school that has a roof and walls"
street-city,"mile",a1,790,noun,imsky:nouns/travel,"a unit for measuring distance equal to 1 609 metres or 1 760 yards"
street-city,"near",a1,862,adjective|adverb,yle:places_and_directions,"a short distance away"
street-city,"club",a1,958,noun,yle:places_and_directions,"an organization for people who share an interest or do a sport or activity together"
street-city,"leg",a1,1016,noun,imsky:nouns/travel,"one of the long parts that connect the feet to the rest of the body"
street-city,"trip",a1,1056,noun|verb,imsky:nouns/travel,"a journey to a place and back again, especially a short one for pleasure or a particular purpose"
street-city,"above",a1,1082,adverb|adjective,yle:places_and_directions,"at or to a higher place"
street-city,"travel",a1,1136,noun|verb,imsky:nouns/travel,"the act or activity of travelling"
street-city,"front",a1,1162,noun|adjective,yle:places_and_directions,"on or at the front of something"
street-city,"flight",a1,1489,noun,imsky:nouns/travel,"a journey made by air, especially in a plane"
street-city,"farm",a1,1516,noun|verb,yle:places_and_directions,"an area of land, and the buildings on it, used for growing crops and/or keeping animals"
street-city,"below",a1,1526,adverb,yle:places_and_directions,"at or to a lower level, position or place"
street-city,"ticket",a1,1555,noun,imsky:nouns/travel,"a printed piece of paper, or a message or image received on your phone or computer, that gives you the right to travel o"
street-city,"bus",a1,1605,noun,yle:transport,"a large road vehicle that carries passengers, especially one that travels along a fixed route and stops regularly to let"
street-city,"traffic",a1,1784,noun,yle:transport,"the vehicles that are on a road at a particular time"
street-city,"journey",a1,2246,noun,yle:transport,"an act of travelling from one place to another, especially when they are far apart"
street-city,"opposite",a1,2512,adjective|adverb|noun,yle:places_and_directions,"on the other side of a particular area from somebody/something and usually facing them"
street-city,"bicycle",a1,4936,noun,yle:transport,"a road vehicle with two wheels that you ride by pushing the pedals with your feet"
street-city,"taxi",a1,,noun,imsky:nouns/automobiles,"a car with a driver that you pay to take you somewhere. Taxis usually have meters that show how much money you have to p"
street-city,"passport",a1,,noun,imsky:nouns/travel,"an official document that identifies you as a citizen of a particular country, and that you may have to show when you en"
street-city,"supermarket",a1,,noun,yle:places_and_directions,"a large shop that sells food, drinks and goods used in the home. People choose what they want from the shelves and pay f"
street-city,"between",a2,169,adverb,yle:places_and_directions,"in the space or period of time separating two or more points, objects, etc. or two dates, events, etc."
street-city,"rate",a2,479,noun|verb,imsky:nouns/travel,"a measurement of the speed at which something happens"
street-city,"drive",a2,496,noun|verb,imsky:nouns/driving,"a journey in a car or other vehicle"
street-city,"seat",a2,1000,noun|verb,imsky:nouns/travel,"a place where you can sit, for example a chair"
street-city,"middle",a2,1039,noun|adjective,yle:places_and_directions,"in a position in the middle of an object, group of objects, people, etc.; between the beginning and the end of something"
street-city,"conference",a2,1068,noun,imsky:nouns/travel,"a large official meeting, usually lasting for a few days, at which people with the same work or interests come together "
street-city,"coach",a2,1099,noun|verb,imsky:nouns/travel,"a person who trains a person or team in sport"
street-city,"ship",a2,1212,noun|verb,yle:transport,"a large boat that carries people or goods by sea"
street-city,"hill",a2,1278,noun,imsky:nouns/driving,"an area of land that is higher than the land around it, but not as high as a mountain"
street-city,"corner",a2,1290,noun,yle:places_and_directions,"a part of something where two or more sides, lines or edges join"
street-city,"truck",a2,1423,noun,imsky:nouns/automobiles,"a large vehicle for carrying heavy loads by road"
street-city,"tour",a2,1705,noun|verb,yle:transport,"a journey made for pleasure during which several different towns, countries, etc. are visited"
street-city,"coast",a2,1728,verb|noun,imsky:verbs/driving,"the land next to or near to the sea or ocean"
street-city,"cycle",a2,2124,noun|verb,yle:transport,"a bicycle or motorcycle"
street-city,"platform",a2,2180,noun,yle:transport,"the raised flat area next to the track at a train station where you get on or off the train"
street-city,"pilot",a2,2208,noun,imsky:nouns/travel,"a person who operates the controls of an aircraft, especially as a job"
street-city,"wheel",a2,2257,noun,imsky:nouns/car_parts,"one of the round objects under a car, bicycle, bus, etc. that turns when it moves"
street-city,"passenger",a2,2405,noun,imsky:nouns/travel,"a person who is travelling in a car, bus, train, plane or ship and who is not driving it or working on it"
street-city,"van",a2,3767,noun,imsky:nouns/automobiles,"a covered vehicle with no side windows in its back half, usually smaller than a lorry, used for carrying goods or people"
street-city,"railway",a2,,noun,yle:transport,"a track with rails on which trains run"
street-city,"go",b1,31,verb|noun,yle:transport,"a person’s turn to move or play in a game or an activity"
shopping-money,"change",a1,304,noun|verb,manual-pin,"the act or result of something becoming different"
shopping-money,"spend",a1,353,verb,manual-pin,"to give money to pay for goods, services, etc."
shopping-money,"return",a1,545,noun|verb,manual-pin,"the action of arriving in or coming back to a place that you were in before"
shopping-money,"bill",a1,761,noun|verb,manual-pin,"a document that shows how much you owe somebody for goods or services"
shopping-money,"cheap",a1,1772,adjective|adverb,manual-pin,"costing little money or less money than you expected"
shopping-money,"expensive",a1,1794,adjective,manual-pin,"costing a lot of money"
shopping-money,"save",a2,600,verb,manual-pin,"to keep somebody/something safe from death, harm, loss, etc."
shopping-money,"check",a2,623,noun|verb,manual-pin,"an act of making sure that something is safe, correct or in good condition by examining it"
shopping-money,"credit",a2,1004,noun|verb,manual-pin,"an arrangement that you make, with a shop for example, to pay later for something you buy"
shopping-money,"cash",a2,1665,noun,manual-pin,"money in the form of coins or notes"
shopping-money,"tip",a2,1929,noun|verb,manual-pin,"a small piece of advice about something practical"
shopping-money,"borrow",a2,3109,verb,manual-pin,"to take and use something that belongs to somebody else, and return it to them at a later time"
shopping-money,"lend",a2,3874,verb,manual-pin,"to give something to somebody or allow them to use something that belongs to you, which they have to return to you later"
shopping-money,"tax",b1,444,noun|verb,manual-pin,"money that you have to pay to the government so that it can pay for public services. People pay tax according to their i"
shopping-money,"share",b1,570,noun|verb,manual-pin,"one part of something that is divided between two or more people"
shopping-money,"exchange",b1,1649,noun|verb,manual-pin,"an act of giving something to somebody or doing something for somebody and receiving something in return"
shopping-money,"shelf",b1,3385,noun,manual-pin,"a flat board, made of wood, metal, glass, etc., fixed to the wall or forming part of a cupboard, bookcase, etc., for thi"
shopping-money,"coin",b1,4191,noun,manual-pin,"a small flat piece of metal used as money"
shopping-money,"discount",b1,4665,noun|verb,manual-pin,"an amount of money that is taken off the usual cost of something"
shopping-money,"receipt",b1,,noun,manual-pin,"a piece of paper or an electronic document that shows that goods or services have been paid for"
shopping-money,"budget",b2,1107,noun,manual-pin,"the money that is available to a person or an organization and a plan of how it will be spent over a period of time"
shopping-money,"owe",b2,2488,verb,manual-pin,"to have to pay somebody for something that you have already received or return money that you have borrowed"
shopping-money,"split",b2,2912,verb|noun,manual-pin,"an argument or disagreement that divides a group of people or makes somebody separate from somebody else"
shopping-money,"register",b2,3049,noun|verb,manual-pin,"an official list or record of names, items, etc.; a book that contains such a list"
shopping-money,"withdraw",b2,3361,verb,manual-pin,"to take money out of a bank account"
shopping-money,"membership",b2,3449,noun,manual-pin,"the state of being a member of a group, a club, an organization, etc."
shopping-money,"tag",b2,3827,noun|verb,manual-pin,"a small piece of paper, cloth, plastic, etc. attached to something to identify it or give information about it"
shopping-money,"affordable",b2,4017,adjective,manual-pin,"cheap enough that people can afford to pay it or buy it"
shopping-money,"deposit",b2,4839,noun|verb,manual-pin,"a sum of money that is given as the first part of a larger payment"
shopping-money,"purse",,4549,noun,manual-pin,""
shopping-money,"aisle",,4847,noun,manual-pin,""
shopping-money,"rack",,5017,noun,manual-pin,""
shopping-money,"cashier",,,,manual-pin,""
shopping-money,"shelf tag",,,,manual-pin,""
shopping-money,"barcode",,,,manual-pin,""
shopping-money,"wallet",,,,manual-pin,""
shopping-money,"shopping cart",,,,manual-pin,""
shopping-money,"shopping bag",,,,manual-pin,""
shopping-money,"tote",,,noun,manual-pin,""
shopping-money,"grocery list",,,,manual-pin,""
shopping-money,"coupon",,,,manual-pin,""
shopping-money,"voucher",,,,manual-pin,""
shopping-money,"gift card",,,,manual-pin,""
shopping-money,"refund",,,noun,manual-pin,""
shopping-money,"warranty",,,,manual-pin,""
shopping-money,"sticker",,,,manual-pin,""
shopping-money,"price tag",,,,manual-pin,""
shopping-money,"on sale",,,,manual-pin,""
shopping-money,"sold out",,,,manual-pin,""
shopping-money,"in stock",,,,manual-pin,""
shopping-money,"out of stock",,,,manual-pin,""
shopping-money,"free sample",,,,manual-pin,""
shopping-money,"self-checkout",,,,manual-pin,""
shopping-money,"debit",,,noun,manual-pin,""
shopping-money,"ATM",,,,manual-pin,""
shopping-money,"pay back",,,,manual-pin,""
shopping-money,"pricey",,,,manual-pin,""
shopping-money,"overpriced",,,,manual-pin,""
shopping-money,"worth it",,,,manual-pin,""
shopping-money,"work",a1,115,noun|verb,yle:work,"the job that a person does especially in order to earn money"
shopping-money,"job",a1,226,noun,yle:work,"work for which you receive regular payment"
shopping-money,"business",a1,254,noun,yle:work,"the activity of making, buying, selling or supplying goods or services for money"
shopping-money,"news",a1,345,noun,yle:work,"new information about something that has happened recently"
shopping-money,"office",a1,380,noun,yle:work,"a room, set of rooms or building where people work, usually sitting at desks"
shopping-money,"price",a1,529,noun|verb,imsky:nouns/shopping,"the amount of money that you have to pay for something"
shopping-money,"product",a1,598,noun|adjective,imsky:nouns/shopping,"a thing that is grown, produced or created, usually for sale"
shopping-money,"meeting",a1,850,noun,yle:work,"an occasion when people come together to discuss or decide something"
shopping-money,"artist",a1,944,noun,yle:work,"a person who creates works of art, especially paintings or drawings"
shopping-money,"customer",a1,1061,noun|adjective,imsky:nouns/shopping,"a person or an organization that buys goods or services from a shop or business"
shopping-money,"newspaper",a1,1443,noun,yle:work,"a set of large printed sheets of paper, or a website, containing news, articles, advertisements, etc. and published ever"
shopping-money,"shop",a1,1547,noun|verb,imsky:nouns/shopping,"a building or part of a building where you can buy goods or services"
shopping-money,"actor",a1,1600,noun,yle:work,"a person who performs on the stage, on television or in films, especially as a profession"
shopping-money,"farmer",a1,2014,noun,yle:work,"a person who owns or manages a farm"
shopping-money,"singer",a1,3161,noun,yle:work,"a person who sings, or whose job is singing, especially in public"
shopping-money,"waiter",a1,,noun,yle:work,"a man whose job is to serve customers at their tables in a restaurant, etc."
shopping-money,"service",a2,295,noun,imsky:nouns/shopping,"a system that provides something that the public needs, organized by the government or a private company"
shopping-money,"department",a2,536,noun,imsky:nouns/shopping,"a section of a large organization such as a government, business, university, etc."
shopping-money,"manager",a2,1062,noun,yle:work,"a person who is in charge of running a business, a shop or a similar organization or part of one"
shopping-money,"owner",a2,1089,noun,imsky:nouns/shopping,"a person who owns something"
shopping-money,"fair",a2,1242,noun|adjective,imsky:nouns/shopping,"acceptable and appropriate in a particular situation"
shopping-money,"cook",a2,1636,noun|verb,yle:work,"a person who cooks food or whose job is cooking"
shopping-money,"sale",a2,2227,noun,imsky:nouns/shopping,"an act or the process of selling something"
shopping-money,"journalist",a2,2236,noun,yle:work,"a person whose job is to collect and write news stories for newspapers, magazines, radio, television or online news site"
shopping-money,"queen",a2,2238,noun,yle:work,"the female ruler of an independent state that has a royal family"
shopping-money,"engineer",a2,2268,noun,yle:work,"a person whose job involves designing and building engines, machines, roads, bridges, etc."
shopping-money,"designer",a2,2523,noun,yle:work,"a person whose job is to decide how things such as clothes, furniture, tools, etc. will look or work by making drawings,"
shopping-money,"businessman",a2,4673,noun,yle:work,"a man who works in business, especially at a high level"
shopping-money,"account",b1,947,noun|verb,imsky:nouns/shopping,"an arrangement that somebody has with a bank, etc. to keep money there, take some out, etc."
shopping-money,"total",b1,1069,noun|adjective|verb,imsky:nouns/shopping,"being the amount or number after everyone or everything is counted or added together"
shopping-money,"category",b1,1609,noun,imsky:nouns/shopping,"a group of people or things with particular features in common"
feelings-social,"know",a1,39,verb,imsky:verbs/thought,"to have information in your mind as a result of experience or because you have learned or been told it"
feelings-social,"just",a1,51,adverb|adjective,fallback:adj-coca,"only"
feelings-social,"think",a1,53,verb,imsky:verbs/thought,"to have a particular idea or opinion about something/somebody; to believe something"
feelings-social,"time",a1,54,noun|verb,yle:time,"what is measured in minutes, hours, days, etc."
feelings-social,"year",a1,64,noun,yle:time,"the period from 1 January to 31 December, that is 365 or 366 days, divided into 12 months"
feelings-social,"well",a1,87,adjective|adverb|noun,fallback:adj-coca,"in good health"
feelings-social,"two",a1,90,noun|adjective,yle:numbers,"2"
feelings-social,"good",a1,93,adjective|noun|adverb,fallback:adj-coca,"of high quality or an acceptable standard"
feelings-social,"first",a1,94,noun|adjective|adverb,yle:numbers,"before anyone or anything else; at the beginning"
feelings-social,"man",a1,95,verb|noun,yle:family_and_friends,"an adult male human"
feelings-social,"day",a1,96,verb|noun,yle:time,"a period of 24 hours"
feelings-social,"new",a1,100,adjective,imsky:adjectives/age,"not existing before; recently made, invented, introduced, etc."
feelings-social,"only",a1,112,adverb|adjective,fallback:adj-coca,"used to say that no other or others of the same group exist or are there"
feelings-social,"right",a1,118,noun|adjective|adverb,fallback:adj-coca,"true or correct as a fact"
feelings-social,"call",a1,125,verb|noun,imsky:verbs/communication,"the act of speaking to somebody on the phone"
feelings-social,"woman",a1,126,noun,yle:family_and_friends,"an adult female human"
feelings-social,"never",a1,132,adverb,yle:time,"not at any time; not on any occasion"
feelings-social,"child",a1,140,noun,yle:family_and_friends,"a young human who is not yet an adult"
feelings-social,"same",a1,158,adjective|adverb,fallback:adj-coca,"exactly the one or ones referred to or mentioned; not different"
feelings-social,"three",a1,163,noun|adjective,yle:numbers,"3"
feelings-social,"high",a1,164,adjective|adverb|noun,fallback:adj-coca,"measuring a long distance from the bottom to the top"
feelings-social,"family",a1,171,noun|adjective,yle:family_and_friends,"connected with the family or a particular family"
feelings-social,"old",a1,174,adjective,imsky:adjectives/age,"of a particular age"
feelings-social,"always",a1,191,adverb,yle:time,"at all times; on every occasion"
feelings-social,"week",a1,192,noun,yle:time,"a period of seven days, either from Monday to Sunday or from Sunday to Saturday"
feelings-social,"night",a1,208,noun,yle:time,"the time between one day and the next when it is dark, when people usually sleep"
feelings-social,"next",a1,221,adjective|adverb|noun,fallback:adj-coca,"coming straight after somebody/something in time, order or space"
feelings-social,"today",a1,225,noun|adverb,yle:time,"on this day"
feelings-social,"bad",a1,229,adjective|adverb,fallback:adj-coca,"unpleasant; full of problems"
feelings-social,"friend",a1,230,noun,yle:family_and_friends,"a person you know well and like, and who is not usually a member of your family"
feelings-social,"different",a1,236,adjective,fallback:adj-coca,"not the same as somebody/something; not like somebody/something else"
feelings-social,"sure",a1,247,adjective|adverb,fallback:adj-coca,"confident that you know something or that you are right"
feelings-social,"month",a1,249,noun,yle:time,"any of the twelve periods of time into which the year is divided, for example May or June"
feelings-social,"mother",a1,279,noun,yle:family_and_friends,"a female parent of a child or animal; a person who is acting as a mother to a child"
feelings-social,"real",a1,280,adjective,fallback:adj-coca,"actually existing or happening and not imagined or pretended"
feelings-social,"best",a1,281,adjective|adverb|noun,fallback:adj-coca,"of the most excellent type or quality"
feelings-social,"young",a1,288,adjective|noun,imsky:adjectives/age,"having lived or existed for only a short time; not fully developed"
feelings-social,"important",a1,297,adjective,fallback:adj-coca,"having a great effect on people or things; of great value"
feelings-social,"person",a1,298,noun,yle:family_and_friends,"a human as an individual"
feelings-social,"hour",a1,308,noun,yle:time,"60 minutes; one of the 24 parts that a day is divided into"
feelings-social,"four",a1,311,noun|adjective,yle:numbers,""
feelings-social,"girl",a1,313,noun,yle:family_and_friends,"a female child"
feelings-social,"minute",a1,326,noun|adjective,yle:time,"each of the 60 parts of an hour, that are equal to 60 seconds"
feelings-social,"reason",a1,336,verb|noun,imsky:verbs/thought,"a cause or an explanation for something that has happened or that somebody has done"
feelings-social,"speak",a1,337,verb,imsky:verbs/communication,"to talk to somebody about something; to have a conversation with somebody"
feelings-social,"ago",a1,338,adverb,yle:time,"used in expressions of time with the simple past tense to show how far in the past something happened"
feelings-social,"enough",a1,352,adjective|adverb,fallback:adj-coca,"to the necessary degree"
feelings-social,"boy",a1,358,noun,yle:family_and_friends,"a male child or a young male person"
feelings-social,"five",a1,365,noun|adjective,yle:numbers,"5"
feelings-social,"morning",a1,377,noun,yle:time,"the early part of the day from the time when people wake up until 12 o'clock in the middle of the day or before lunch"
feelings-social,"parent",a1,379,noun,yle:family_and_friends,"a person’s father or mother"
feelings-social,"better",a1,391,adjective|adverb|noun,fallback:adj-coca,"of a higher standard or less poor quality; not as bad as something else"
feelings-social,"free",a1,403,adjective|adverb|verb,imsky:adjectives/character,"without particular plans or arrangements; not busy"
feelings-social,"sorry",a1,408,adjective,fallback:adj-coca,"feeling sad and ashamed about something that has been done"
feelings-social,"true",a1,414,adjective,fallback:adj-coca,"connected with facts rather than things that have been invented or guessed"
feelings-social,"plan",a1,422,noun|verb,imsky:verbs/thought,"something that you intend to do or achieve"
feelings-social,"easy",a1,423,adjective,fallback:adj-coca,"not difficult; done or obtained without a lot of effort or problems"
feelings-social,"early",a1,434,adjective|adverb,yle:time,"near the beginning of a period of time, an event etc."
feelings-social,"son",a1,446,noun,yle:family_and_friends,"a person’s male child"
feelings-social,"possible",a1,448,adjective,fallback:adj-coca,"that can be done or achieved"
feelings-social,"baby",a1,464,noun,yle:family_and_friends,"a very young child or animal"
feelings-social,"wrong",a1,465,adjective|adverb|noun,fallback:adj-coca,"not right or correct"
feelings-social,"sometimes",a1,474,adverb,yle:time,"occasionally rather than all of the time"
feelings-social,"local",a1,480,adjective|noun,fallback:adj-coca,"belonging to or connected with the particular place or area that you are talking about or with the place where you live"
feelings-social,"wife",a1,487,noun,yle:family_and_friends,"the woman that somebody is married to; a married woman"
feelings-social,"strong",a1,497,adjective,imsky:adjectives/character,"having a lot of physical power so that you can lift heavy weights, do hard physical work, etc."
feelings-social,"six",a1,508,noun|adjective,yle:numbers,"6"
feelings-social,"million",a1,516,noun|adjective,yle:numbers,"1 000 000"
feelings-social,"pretty",a1,526,adjective|adverb,fallback:adj-coca,"attractive without being very beautiful"
feelings-social,"special",a1,547,adjective,fallback:adj-coca,"not ordinary or usual; different from what is normal"
feelings-social,"happy",a1,564,adjective,imsky:adjectives/character,"feeling or showing pleasure; pleased"
feelings-social,"brother",a1,574,noun,yle:family_and_friends,"a boy or man who has the same parents as another person"
feelings-social,"personal",a1,587,adjective,fallback:adj-coca,"your own; not belonging to or connected with anyone else"
feelings-social,"ready",a1,642,adjective,fallback:adj-coca,"fully prepared for what you are going to do and able to start it immediately"
feelings-social,"dad",a1,654,noun,yle:family_and_friends,"father"
feelings-social,"daughter",a1,677,noun,yle:family_and_friends,"a person’s female child"
feelings-social,"husband",a1,683,noun,yle:family_and_friends,"the man that somebody is married to; a married man"
feelings-social,"ok",a1,708,adjective|adverb,fallback:adj-coca,"safe and well; in a calm or happy state"
feelings-social,"difficult",a1,711,adjective,fallback:adj-coca,"not easy; needing effort or skill to do or to understand"
feelings-social,"tonight",a1,729,noun|adverb,yle:time,"on or during the evening or night of today"
feelings-social,"poor",a1,740,adjective,fallback:adj-coca,"having very little money; not having enough money for basic needs"
feelings-social,"common",a1,745,adjective,fallback:adj-coca,"happening often; existing in large numbers or in many places"
feelings-social,"similar",a1,751,adjective,fallback:adj-coca,"like somebody/something but not exactly the same"
feelings-social,"past",a1,754,adjective|adverb|noun,yle:time,"gone by in time"
feelings-social,"century",a1,770,noun,yle:time,"a period of 100 years"
feelings-social,"summer",a1,771,noun,yle:time,"the warmest season of the year, coming between spring and autumn"
feelings-social,"natural",a1,783,adjective,fallback:adj-coca,"existing in nature; not made or caused by humans"
feelings-social,"beautiful",a1,806,adjective,fallback:adj-coca,"having beauty; giving pleasure to the senses or to the mind"
feelings-social,"sister",a1,810,noun,yle:family_and_friends,"a girl or woman who has the same mother and father as another person"
feelings-social,"interesting",a1,828,adjective,fallback:adj-coca,"attracting your attention because it is/they are special, exciting or unusual"
feelings-social,"left",a1,848,noun|adjective|adverb,fallback:adj-coca,"on the side of your body that is towards the west when you are facing north"
feelings-social,"seven",a1,867,noun|adjective,yle:numbers,"7"
feelings-social,"september",a1,900,noun,yle:time,"the 9th month of the year, between August and October"
feelings-social,"perfect",a1,910,adjective,fallback:adj-coca,"having everything that is necessary; complete and without faults or weaknesses"
feelings-social,"eight",a1,924,noun|adjective,yle:numbers,""
feelings-social,"main",a1,928,adjective,fallback:adj-coca,"being the largest or most important of its kind"
feelings-social,"ten",a1,929,noun|adjective,yle:numbers,"10"
feelings-social,"cold",a1,1021,adjective|noun,imsky:adjectives/emotions,"having a lower than usual temperature; having a temperature lower than the human body"
feelings-social,"tomorrow",a1,1050,noun|adverb,yle:time,"on or during the day after today"
feelings-social,"positive",a1,1052,adjective|noun,fallback:adj-coca,"good or useful"
feelings-social,"popular",a1,1065,adjective,fallback:adj-coca,"liked or enjoyed by a large number of people"
feelings-social,"sunday",a1,1074,noun,yle:time,"the day of the week after Saturday and before Monday, thought of as either the first or the last day of the week"
feelings-social,"june",a1,1094,noun,yle:time,"the 6th month of the year, between May and July"
feelings-social,"friday",a1,1101,noun,yle:time,"the day of the week after Thursday and before Saturday"
feelings-social,"november",a1,1117,noun,yle:time,"the 11th month of the year, between October and December"
feelings-social,"july",a1,1147,noun,yle:time,"the 7th month of the year, between June and August"
feelings-social,"modern",a1,1154,noun|adjective,imsky:adjectives/age,"of the present time or recent times "
feelings-social,"evening",a1,1160,verb|noun,yle:time,"the part of the day between the afternoon and the time you go to bed"
feelings-social,"weekend",a1,1173,noun,yle:time,"Saturday and Sunday"
feelings-social,"october",a1,1207,noun,yle:time,"the 10th month of the year, between September and November"
