category,word,cefr,cocaRank,sat,keepCore,reason,oxfordDef
food-drinks,"side",a2,286,Y,,manual-pin,"either of the two halves of a surface, an object or an area that is divided by an imaginary central line"
food-drinks,"check",a2,623,,Y,manual-pin,"an act of making sure that something is safe, correct or in good condition by examining it"
food-drinks,"wine",a1,1630,,Y,manual-pin,"an alcoholic drink made from the juice of grapes that has been left to ferment. There are many different kinds of wine."
food-drinks,"tip",a2,1929,,Y,manual-pin,"a small piece of advice about something practical"
food-drinks,"pepper",a1,2414,,Y,manual-pin,"a powder made from dried berries (called peppercorns), used to give a hot, spicy taste to food"
food-drinks,"delivery",b2,2750,,,manual-pin,"the act of taking goods, letters, etc. to the people they have been sent to"
food-drinks,"cookie",,2923,,Y,manual-pin,""
food-drinks,"pie",,3310,,Y,manual-pin,""
food-drinks,"lemon",a2,3685,,Y,manual-pin,"a yellow citrus fruit with juice that has a bitter, sharp taste. Slices of lemon and lemon juice are used in cooking and"
food-drinks,"reservation",b1,3742,,,manual-pin,"an arrangement for a seat on a plane or train, a room in a hotel, etc. to be kept for you"
food-drinks,"garlic",,3769,,,manual-pin,""
food-drinks,"salmon",,4629,,,manual-pin,""
food-drinks,"soda",,4875,Y,,manual-pin,""
food-drinks,"mint",,,,,manual-pin,""
food-drinks,"cocktail",c1,,,,manual-pin,"a drink usually made from a mixture of one or more spirits (= strong alcoholic drinks) and fruit juice. It can also be m"
food-drinks,"avocado",,,,,manual-pin,""
food-drinks,"bagel",,,,,manual-pin,""
food-drinks,"burrito",,,,,manual-pin,""
food-drinks,"taco",,,,,manual-pin,""
food-drinks,"quesadilla",,,,,manual-pin,""
food-drinks,"sushi",,,,,manual-pin,""
food-drinks,"ramen",,,,,manual-pin,""
food-drinks,"pho",,,,,manual-pin,""
food-drinks,"tuna",,,,,manual-pin,""
food-drinks,"shrimp",,,,,manual-pin,""
food-drinks,"lobster",,,Y,,manual-pin,""
food-drinks,"crab",,,,,manual-pin,""
food-drinks,"oyster",,,,,manual-pin,""
food-drinks,"mussel",,,,,manual-pin,""
food-drinks,"scallop",,,,,manual-pin,""
food-drinks,"broccoli",,,,,manual-pin,""
food-drinks,"spinach",,,,,manual-pin,""
food-drinks,"kale",,,,,manual-pin,""
food-drinks,"arugula",,,,,manual-pin,""
food-drinks,"asparagus",,,,,manual-pin,""
food-drinks,"zucchini",,,,,manual-pin,""
food-drinks,"eggplant",,,,,manual-pin,""
food-drinks,"mushroom",,,,,manual-pin,""
food-drinks,"jalapeno",,,,,manual-pin,""
food-drinks,"cilantro",,,,,manual-pin,""
food-drinks,"parsley",,,,,manual-pin,""
food-drinks,"basil",,,,,manual-pin,""
food-drinks,"ginger",,,,,manual-pin,""
food-drinks,"lime",,,,,manual-pin,""
food-drinks,"grapefruit",,,,,manual-pin,""
food-drinks,"mango",,,,,manual-pin,""
food-drinks,"pineapple",,,,,manual-pin,""
food-drinks,"kiwi",,,,,manual-pin,""
food-drinks,"blueberry",,,,,manual-pin,""
food-drinks,"raspberry",,,,,manual-pin,""
food-drinks,"cranberry",,,,,manual-pin,""
food-drinks,"pomegranate",,,,,manual-pin,""
food-drinks,"melon",,,,,manual-pin,""
food-drinks,"cantaloupe",,,,,manual-pin,""
food-drinks,"pancake",,,,,manual-pin,""
food-drinks,"waffle",,,,,manual-pin,""
food-drinks,"omelet",,,,,manual-pin,""
food-drinks,"smoothie",,,,,manual-pin,""
food-drinks,"latte",,,,,manual-pin,""
food-drinks,"espresso",,,,,manual-pin,""
food-drinks,"cappuccino",,,,,manual-pin,""
food-drinks,"sparkling water",,,,,manual-pin,""
food-drinks,"iced tea",,,,,manual-pin,""
food-drinks,"lemonade",,,,,manual-pin,""
food-drinks,"cereal",,,Y,,manual-pin,""
food-drinks,"granola",,,,,manual-pin,""
food-drinks,"yogurt",,,,,manual-pin,""
food-drinks,"oatmeal",,,,,manual-pin,""
food-drinks,"porridge",,,,,manual-pin,""
food-drinks,"muffin",,,,,manual-pin,""
food-drinks,"donut",,,,,manual-pin,""
food-drinks,"brownie",,,,,manual-pin,""
food-drinks,"cheesecake",,,,,manual-pin,""
food-drinks,"tiramisu",,,,,manual-pin,""
food-drinks,"ice cream",a1,,,Y,manual-pin,"a type of sweet frozen food made from milk fat, tasting of fruit, chocolate, etc. and often eaten as a dessert; a small "
food-drinks,"gelato",,,,,manual-pin,""
food-drinks,"leftover",,,,,manual-pin,""
food-drinks,"takeout",,,,,manual-pin,""
food-drinks,"appetizer",,,,,manual-pin,""
food-drinks,"entree",,,,,manual-pin,""
food-drinks,"buffet",,,,,manual-pin,""
food-drinks,"brunch",,,,,manual-pin,""
food-drinks,"happy hour",,,,,manual-pin,""
food-drinks,"cashier",,,,,manual-pin,""
food-drinks,"food",a1,372,,Y,imsky:nouns/food,"things that people or animals eat"
food-drinks,"eat",a1,476,,Y,yle:food_and_drink,"to put food in your mouth, bite it and swallow it "
food-drinks,"piece",a1,584,,Y,yle:food_and_drink,"an amount of something that has been cut or separated from the rest of it; a standard amount of something"
food-drinks,"cup",a1,886,,Y,yle:food_and_drink,"a small container that is like a bowl in shape, usually with a handle, used for drinking tea, coffee, etc."
food-drinks,"dinner",a1,1079,,Y,yle:food_and_drink,"the main meal of the day, eaten either in the middle of the day or in the evening"
food-drinks,"mouth",a1,1126,,Y,imsky:nouns/water,"the opening in the face used for speaking, eating, etc.; the area inside the head behind this opening"
food-drinks,"drink",a1,1142,,Y,imsky:nouns/food,"a liquid for drinking; an amount of a liquid that you drink"
food-drinks,"finger",a2,1181,,Y,imsky:nouns/fast_food,"one of the four long thin parts that stick out from the hand (or five, if the thumb is included)"
food-drinks,"ice",a1,1232,,Y,imsky:nouns/food,"water that has frozen and become solid"
food-drinks,"fish",a1,1238,,Y,imsky:nouns/food,"a creature that lives in water, breathes through gills, and uses fins and a tail for swimming"
food-drinks,"kitchen",a1,1279,,Y,imsky:nouns/food,"a room in which meals are cooked or prepared"
food-drinks,"apple",a1,1327,,Y,imsky:nouns/fruit,"a round fruit with shiny red or green skin that is fairly hard and white inside"
food-drinks,"roll",b1,1343,,Y,imsky:nouns/fast_food,"a small loaf of bread for one person"
food-drinks,"coffee",a1,1356,,Y,imsky:nouns/food,"the roasted seeds (called coffee beans) of a tropical bush; a powder made from them"
food-drinks,"egg",a1,1615,,Y,yle:food_and_drink,"a small oval object with a thin hard shell produced by a female bird and containing a young bird; a similar object (with"
food-drinks,"lunch",a1,1698,,Y,yle:food_and_drink,"a meal eaten in the middle of the day"
food-drinks,"neck",a2,1753,,Y,imsky:nouns/water,"the part of the body between the head and the shoulders"
food-drinks,"beer",a1,1815,,Y,imsky:nouns/food,"an alcoholic drink made from malt with hops added to give it taste. There are many types of beer."
food-drinks,"pool",a1,1830,,Y,imsky:nouns/water,"an area of water that has been created for people to swim in"
food-drinks,"meal",a1,1871,,Y,yle:food_and_drink,"an occasion when people eat food, especially breakfast, lunch or dinner"
food-drinks,"meat",a1,1934,,Y,imsky:nouns/food,"the soft part of an animal or a bird that can be eaten as food; a particular type of this"
food-drinks,"smell",a2,2149,,Y,yle:food_and_drink,"the quality of something that people and animals sense through their noses"
food-drinks,"milk",a1,2211,,Y,imsky:nouns/food,"the white liquid produced by cows, goats and some other animals as food for their young and used as a drink by humans"
food-drinks,"cream",b1,2241,,Y,imsky:nouns/food,"between yellow and white in colour"
food-drinks,"cheese",a1,2250,,Y,imsky:nouns/food,"a type of food made from milk that can be either soft or hard and is usually white or yellow in colour; a particular typ"
food-drinks,"dish",a1,2270,,Y,imsky:nouns/food,"a flat shallow container for cooking food in or serving it from"
food-drinks,"wrap",b2,2278,,Y,imsky:nouns/fast_food,"to cover something completely in paper or other material, for example when you are giving it as a present"
food-drinks,"wash",a2,2316,,Y,imsky:nouns/water,"an act of cleaning somebody/something using water and usually soap"
food-drinks,"knife",a2,2364,,Y,yle:food_and_drink,"a sharp blade (= metal edge) with a handle, used for cutting or as a weapon"
food-drinks,"bread",a1,2386,,Y,imsky:nouns/food,"a type of food made from flour, water and usually yeast mixed together and baked"
food-drinks,"recipe",a2,2418,,Y,imsky:nouns/food,"a set of instructions that tells you how to cook something and the ingredients (= items of food) you need for it"
food-drinks,"vegetable",a1,2422,Y,Y,yle:food_and_drink,"a plant or part of a plant that is eaten as food. Potatoes, beans and onions are all vegetables."
food-drinks,"rice",a1,2442,,Y,imsky:nouns/food,"short, narrow white or brown grain grown on wet land in hot countries as food; the plant that produces this grain"
food-drinks,"cake",a1,2448,,Y,imsky:nouns/food,"a sweet food made from a mixture of flour, eggs, butter, sugar, etc. that is baked in an oven. Cakes are made in various"
food-drinks,"breakfast",a1,2459,,Y,yle:food_and_drink,"the first meal of the day"
food-drinks,"juice",a1,2645,,Y,imsky:nouns/food,"the liquid that comes from fruit or vegetables; a drink made from this"
food-drinks,"potato",a1,2688,,Y,yle:food_and_drink,"a round white vegetable with a brown or red skin that grows underground as part of a plant also called a potato"
food-drinks,"hungry",a1,2770,,Y,yle:food_and_drink,"feeling that you want to eat something"
food-drinks,"chocolate",a1,2819,,Y,imsky:nouns/food,"a hard brown sweet food made from cocoa beans, used in cooking to add taste to cakes, etc. or eaten as a sweet"
food-drinks,"creek",,3025,,Y,imsky:nouns/water,""
food-drinks,"port",b1,3060,,Y,imsky:nouns/water,"a town or city with a harbour, especially one where ships load and unload goods"
food-drinks,"orange",a1,3258,,Y,imsky:nouns/fruit,"between red and yellow in colour"
food-drinks,"salad",a1,3268,,Y,imsky:nouns/food,"a mixture of raw vegetables such as lettuce, tomato and cucumber, usually served with other food as part of a meal"
food-drinks,"candy",,3370,,Y,imsky:nouns/food,""
food-drinks,"soup",a1,3437,,Y,imsky:nouns/food,"a liquid food made by boiling meat, vegetables, etc. in water, often eaten as the first course of a meal"
food-drinks,"pizza",,3442,,Y,imsky:nouns/food,""
ingredients-flavor,"measure",b1,1032,,Y,manual-pin,"an official action that is done in order to achieve a particular aim"
ingredients-flavor,"stock",b2,1033,Y,,manual-pin,"a supply of goods that is available for sale in a shop"
ingredients-flavor,"fresh",a2,1250,,Y,manual-pin,"recently produced or picked and not frozen, dried or preserved in tins or cans"
ingredients-flavor,"sugar",a1,1842,Y,Y,manual-pin,"a sweet substance, often in the form of white or brown crystals, made from the juices of various plants, used in cooking"
ingredients-flavor,"taste",a2,2198,,Y,manual-pin,"the particular quality that different foods and drinks have that allows you to recognize them when you put them in your "
ingredients-flavor,"pour",b1,2319,,Y,manual-pin,"to make a liquid or other substance flow from a container in a continuous stream, especially by holding the container at"
ingredients-flavor,"stir",c1,2411,Y,Y,manual-pin,"to move a liquid or substance around, using a spoon or something similar, in order to mix it completely"
ingredients-flavor,"sauce",a2,2772,,Y,manual-pin,"a thick liquid that is eaten with food to add taste to it"
ingredients-flavor,"organic",b2,3054,Y,Y,manual-pin,"produced or practised without using artificial chemicals"
ingredients-flavor,"slice",b1,3862,,Y,manual-pin,"a thin flat piece of bread, meat, cheese, etc. that has been cut off a larger piece; a piece of cake that has been cut f"
ingredients-flavor,"fold",b2,4131,Y,,manual-pin,"a part of something, especially cloth, that is folded or hangs as if it had been folded"
ingredients-flavor,"flour",b1,4256,,Y,manual-pin,"a fine white or brown powder made from grain, especially wheat, and used in cooking for making bread, cakes, etc."
ingredients-flavor,"crush",c1,4347,,,manual-pin,"to press something so hard that it is damaged or injured, or loses its shape"
ingredients-flavor,"frozen",b1,4403,,Y,manual-pin,"kept at a very low temperature in order to preserve it"
ingredients-flavor,"blend",c1,4672,,,manual-pin,"a mixture of different types of the same thing"
ingredients-flavor,"tender",c1,4733,,,manual-pin,"kind, gentle and loving"
ingredients-flavor,"chop",b2,4836,,,manual-pin,"to cut something into pieces with a sharp tool such as a knife"
ingredients-flavor,"peel",,4924,,,manual-pin,""
ingredients-flavor,"ripe",,,,,manual-pin,""
ingredients-flavor,"dairy",b2,,,,manual-pin,"made from milk"
ingredients-flavor,"cube",,,Y,,manual-pin,""
ingredients-flavor,"vegetarian",,,Y,,manual-pin,""
ingredients-flavor,"yeast",,,,,manual-pin,""
ingredients-flavor,"dice",,,,,manual-pin,""
ingredients-flavor,"dressing",,,,,manual-pin,""
ingredients-flavor,"savory",,,,,manual-pin,""
ingredients-flavor,"umami",,,,,manual-pin,""
ingredients-flavor,"tangy",,,,,manual-pin,""
ingredients-flavor,"zesty",,,,,manual-pin,""
ingredients-flavor,"aromatic",,,,,manual-pin,""
ingredients-flavor,"pungent",,,Y,,manual-pin,""
ingredients-flavor,"acrid",,,Y,,manual-pin,""
ingredients-flavor,"rancid",,,,,manual-pin,""
ingredients-flavor,"fermented",,,,,manual-pin,""
ingredients-flavor,"pickled",,,,,manual-pin,""
ingredients-flavor,"cured",,,,,manual-pin,""
ingredients-flavor,"smoked",,,,,manual-pin,""
ingredients-flavor,"roasted",,,,,manual-pin,""
ingredients-flavor,"grilled",,,,,manual-pin,""
ingredients-flavor,"fried",,,,,manual-pin,""
ingredients-flavor,"baked",,,,,manual-pin,""
ingredients-flavor,"steamed",,,,,manual-pin,""
ingredients-flavor,"broiled",,,,,manual-pin,""
ingredients-flavor,"simmered",,,,,manual-pin,""
ingredients-flavor,"sauteed",,,,,manual-pin,""
ingredients-flavor,"braised",,,,,manual-pin,""
ingredients-flavor,"marinated",,,,,manual-pin,""
ingredients-flavor,"seasoned",,,,,manual-pin,""
ingredients-flavor,"glazed",,,,,manual-pin,""
ingredients-flavor,"caramelized",,,,,manual-pin,""
ingredients-flavor,"crusty",,,,,manual-pin,""
ingredients-flavor,"flaky",,,,,manual-pin,""
ingredients-flavor,"juicy",,,,,manual-pin,""
ingredients-flavor,"mushy",,,,,manual-pin,""
ingredients-flavor,"stale",,,,,manual-pin,""
ingredients-flavor,"spoiled",,,,,manual-pin,""
ingredients-flavor,"overripe",,,,,manual-pin,""
ingredients-flavor,"underripe",,,,,manual-pin,""
ingredients-flavor,"thawed",,,,,manual-pin,""
ingredients-flavor,"preserved",,,,,manual-pin,""
ingredients-flavor,"gluten-free",,,,,manual-pin,""
ingredients-flavor,"vegan",,,,,manual-pin,""
ingredients-flavor,"whisk",,,,,manual-pin,""
ingredients-flavor,"knead",,,Y,,manual-pin,""
ingredients-flavor,"sift",,,,,manual-pin,""
ingredients-flavor,"drizzle",,,,,manual-pin,""
ingredients-flavor,"sprinkle",,,,,manual-pin,""
ingredients-flavor,"season",,,,,manual-pin,""
ingredients-flavor,"mince",,,,,manual-pin,""
ingredients-flavor,"grate",,,,,manual-pin,""
ingredients-flavor,"shred",,,,,manual-pin,""
ingredients-flavor,"mash",,,,,manual-pin,""
ingredients-flavor,"puree",,,,,manual-pin,""
ingredients-flavor,"broth",,,,,manual-pin,""
ingredients-flavor,"gravy",,,,,manual-pin,""
ingredients-flavor,"syrup",,,,,manual-pin,""
ingredients-flavor,"glaze",,,,,manual-pin,""
ingredients-flavor,"marinade",,,,,manual-pin,""
ingredients-flavor,"vinegar",,,,,manual-pin,""
ingredients-flavor,"olive oil",,,,,manual-pin,""
ingredients-flavor,"soy sauce",,,,,manual-pin,""
ingredients-flavor,"mustard",,,,,manual-pin,""
ingredients-flavor,"mayo",,,,,manual-pin,""
ingredients-flavor,"ketchup",,,,,manual-pin,""
ingredients-flavor,"hot sauce",,,,,manual-pin,""
ingredients-flavor,"baking soda",,,,,manual-pin,""
ingredients-flavor,"baking powder",,,,,manual-pin,""
ingredients-flavor,"cornstarch",,,,,manual-pin,""
ingredients-flavor,"oil",a2,645,,Y,imsky:nouns/condiments,"a thick liquid that is found in rock underground "
ingredients-flavor,"rich",a1,1086,,Y,imsky:adjectives/food,"having a lot of money or property"
ingredients-flavor,"heat",a2,1177,Y,Y,imsky:verbs/cooking,"the quality of being hot"
ingredients-flavor,"sweet",a2,1402,,Y,imsky:adjectives/food,"containing, or tasting as if it contains, a lot of sugar"
ingredients-flavor,"burn",b2,1434,,Y,imsky:verbs/cooking,"an injury or a mark caused by fire, heat or acid"
ingredients-flavor,"honey",,1683,,Y,imsky:nouns/condiments,""
ingredients-flavor,"salt",a1,1918,Y,Y,imsky:nouns/seasonings,"a white substance that is added to food to make it taste better or to preserve it. Salt is obtained from mines and is al"
ingredients-flavor,"dry",a2,1926,,Y,imsky:adjectives/food,"not wet or sticky; without water or moisture"
ingredients-flavor,"golden",b2,2127,,Y,imsky:adjectives/food,"made of gold"
ingredients-flavor,"sharp",b1,2408,,Y,imsky:adjectives/food,"having a fine edge or point, especially of something that can cut or make a hole in something"
ingredients-flavor,"prepared",b1,,,Y,imsky:adjectives/food,"ready and able to deal with something"
ingredients-flavor,"butter",a1,2704,,Y,imsky:nouns/condiments,"a soft yellow food made from cream, used in cooking and for spreading on bread"
ingredients-flavor,"rank",b2,2986,,Y,imsky:adjectives/food,"the position, especially a high position, that somebody has in a particular organization, society, etc."
ingredients-flavor,"onion",a1,3164,,Y,imsky:nouns/condiments,"a round vegetable with many layers inside each other and a brown, red or white skin. Onions have a strong smell and tast"
ingredients-flavor,"bake",b1,3195,,Y,imsky:verbs/cooking,"to cook food in an oven without extra fat or liquid; to be cooked in this way"
ingredients-flavor,"delicious",a1,4250,,Y,imsky:adjectives/food,"having a very pleasant taste or smell"
ingredients-flavor,"boil",a2,4771,,Y,imsky:verbs/cooking,"when a liquid boils or when you boil it, it is heated to the point where it forms bubbles and turns to steam or vapour"
ingredients-flavor,"spicy",b1,,,Y,imsky:adjectives/food,"having a strong taste because spices have been added to it"
ingredients-flavor,"fry",b1,,,Y,imsky:verbs/cooking,"to cook something in hot fat or oil; to be cooked in hot fat or oil"
ingredients-flavor,"gourmet",,,Y,,imsky:adjectives/food,""
ingredients-flavor,"relish",,,Y,,imsky:nouns/condiments,""
ingredients-flavor,"bland",,,Y,,imsky:adjectives/food,""
house-building,"foundation",b2,1444,,Y,manual-pin,"a principle, an idea or a fact that something is based on and that it grows from"
house-building,"apartment",a1,1460,,Y,manual-pin,"a set of rooms for living in, usually on one floor of a building"
house-building,"studio",b1,1793,,Y,manual-pin,"a room where radio or television programmes are recorded and broadcast from, or where music is recorded"
house-building,"panel",b2,1801,,Y,manual-pin,"a square or rectangular piece of wood, glass or metal that forms part of a larger surface such as a door or wall"
house-building,"permit",b2,2470,,,manual-pin,"an official document that gives somebody the right to do something, especially for a limited period of time"
house-building,"utilities",,,,,manual-pin,""
house-building,"mortgage",b2,2894,,Y,manual-pin,"a legal agreement by which a bank or similar organization lends you money to buy a house, etc., and you pay the money ba"
house-building,"ceiling",b1,3088,,Y,manual-pin,"the top inside surface of a room"
house-building,"fence",b1,3148,,Y,manual-pin,"a structure made of wood or wire supported with posts that is put between two areas of land as a boundary, or around a g"
house-building,"garage",b1,3389,,Y,manual-pin,"a building for keeping one or more cars or other vehicles in"
house-building,"pipe",b1,3428,,Y,manual-pin,"a tube through which liquids and gases can flow"
house-building,"cabin",b2,3705,,,manual-pin,"a small room on a ship in which you live or sleep"
house-building,"brick",b2,3740,,,manual-pin,"baked clay used for building walls, houses and other buildings; an individual block of this"
house-building,"concrete",b2,3763,,,manual-pin,"made of concrete"
house-building,"porch",,3788,,,manual-pin,""
house-building,"basement",b2,3808,,,manual-pin,"a room or rooms in a building, partly or completely below the level of the ground"
house-building,"lease",,,,,manual-pin,""
house-building,"vinyl",,,,,manual-pin,""
house-building,"hallway",,4161,,,manual-pin,""
house-building,"outlet",c1,4221,,,manual-pin,"a shop or an organization that sells goods made by a particular company or of a particular type"
house-building,"sidewalk",,4300,,,manual-pin,""
house-building,"inspection",c1,4406,Y,,manual-pin,"an official visit to a school, factory, etc. in order to check that rules are being obeyed and that standards are accept"
house-building,"beam",c1,4433,Y,,manual-pin,"a line of light, electromagnetic waves or particles"
house-building,"doorway",,4910,,,manual-pin,""
house-building,"trim",,,,,manual-pin,""
house-building,"tile",,,,,manual-pin,""
house-building,"plumbing",,,,,manual-pin,""
house-building,"tenant",c1,,,,manual-pin,"a person who pays rent for the use of a room, building, land, etc. to the person who owns it"
house-building,"shed",c1,,,,manual-pin,"to get rid of something that is no longer wanted"
house-building,"partition",,,Y,,manual-pin,""
house-building,"condo",,,,,manual-pin,""
house-building,"cement",,,,,manual-pin,""
house-building,"insulation",,,,,manual-pin,""
house-building,"asphalt",,,,,manual-pin,""
house-building,"plaster",,,,,manual-pin,""
house-building,"gravel",,,,,manual-pin,""
house-building,"pavement",,,,,manual-pin,""
house-building,"drywall",,,,,manual-pin,""
house-building,"plywood",,,,,manual-pin,""
house-building,"lumber",,,,,manual-pin,""
house-building,"pillar",,,,,manual-pin,""
house-building,"shingle",,,,,manual-pin,""
house-building,"mortar",,,,,manual-pin,""
house-building,"attic",,,,,manual-pin,""
house-building,"crawl space",,,,,manual-pin,""
house-building,"driveway",,,,,manual-pin,""
house-building,"railing",,,,,manual-pin,""
house-building,"gutter",,,,,manual-pin,""
house-building,"chimney",,,,,manual-pin,""
house-building,"staircase",,,,,manual-pin,""
house-building,"banister",,,,,manual-pin,""
house-building,"balcony",,,,,manual-pin,""
house-building,"archway",,,,,manual-pin,""
house-building,"siding",,,,,manual-pin,""
house-building,"stucco",,,,,manual-pin,""
house-building,"hardwood",,,,,manual-pin,""
house-building,"laminate",,,,,manual-pin,""
house-building,"subfloor",,,,,manual-pin,""
house-building,"baseboard",,,,,manual-pin,""
house-building,"molding",,,,,manual-pin,""
house-building,"sheetrock",,,,,manual-pin,""
house-building,"rebar",,,,,manual-pin,""
house-building,"rafter",,,,,manual-pin,""
house-building,"joist",,,,,manual-pin,""
house-building,"truss",,,,,manual-pin,""
house-building,"duplex",,,,,manual-pin,""
house-building,"townhouse",,,,,manual-pin,""
house-building,"sublease",,,,,manual-pin,""
house-building,"eviction",,,,,manual-pin,""
house-building,"landlord",c1,,Y,,manual-pin,"a person or company from whom you rent a room, a house, an office, etc."
house-building,"square footage",,,,,manual-pin,""
house-building,"blueprint",,,,,manual-pin,""
house-building,"renovation",,,,,manual-pin,""
house-building,"remodel",,,,,manual-pin,""
house-building,"vent",,,,,manual-pin,""
house-building,"wiring",,,,,manual-pin,""
house-building,"fuse box",,,,,manual-pin,""
house-building,"circuit breaker",,,,,manual-pin,""
house-building,"tarp",,,,,manual-pin,""
house-building,"scaffolding",,,,,manual-pin,""
house-building,"use",a2,91,,Y,imsky:nouns/real_estate,"the act of using something; the state of being used"
house-building,"school",a1,146,,Y,imsky:nouns/buildings,"a place where children go to be educated"
house-building,"house",a1,176,,Y,imsky:nouns/houses,"a building for people to live in, usually for one family"
house-building,"run",a2,202,,Y,imsky:nouns/construction,"an act of running; a period of time spent running or the distance that somebody runs"
house-building,"lot",a1,216,,Y,imsky:nouns/real_estate,"used with verbs to mean ‘a great amount’"
house-building,"lead",b1,349,Y,Y,imsky:nouns/metals,"to go with or in front of a person or an animal to show the way or to make them go in the right direction"
house-building,"university",a1,359,,Y,imsky:nouns/buildings,"an institution at the highest level of education where you can study for a degree or do research"
house-building,"course",a1,381,,Y,imsky:nouns/construction,"a series of lessons or lectures on a particular subject"
house-building,"fall",a2,427,,Y,imsky:nouns/construction,"an act of falling"
house-building,"market",a1,453,,Y,imsky:nouns/buildings,"an occasion when people buy and sell goods; the open area or building where they meet to do this"
house-building,"interest",a1,473,,Y,imsky:nouns/real_estate,"the feeling that you have when you want to know or learn more about somebody/something"
house-building,"church",a2,504,,Y,imsky:nouns/buildings,"a building where Christians go to attend services, pray, etc."
house-building,"post",a1,581,,Y,imsky:nouns/construction,"the official system used for sending and delivering letters, packages, etc."
house-building,"paper",a1,585,,Y,imsky:adjectives/materials,"the thin material that you write and draw on and that is also used for wrapping and packing things"
house-building,"term",a2,606,Y,Y,imsky:nouns/real_estate,"a word or phrase used as the name of something, especially one connected with a particular type of language"
house-building,"wall",a1,676,,Y,imsky:nouns/infrastructure,"a long, solid structure that rises straight up from the ground, made of stone, brick or concrete, that surrounds, divide"
house-building,"bank",a1,695,,Y,imsky:nouns/buildings,"an organization that provides various financial services, for example keeping or lending money"
house-building,"store",a2,759,,Y,imsky:nouns/buildings,"a large shop that sells many different types of goods"
house-building,"hospital",a1,766,,Y,imsky:nouns/buildings,"a large building where people who are ill or injured are given medical treatment and care"
house-building,"board",a2,768,,Y,imsky:nouns/construction,"a long thin piece of strong hard material, especially wood, used, for example, for making floors, building walls and roo"
house-building,"section",a1,824,Y,Y,imsky:nouns/construction,"any of the parts into which something is divided"
house-building,"card",a1,852,,Y,yle:materials,"thick, stiff paper; a piece of this for writing on"
house-building,"rise",b1,890,,Y,imsky:nouns/construction,"an increase in an amount, a number or a level"
house-building,"option",a2,923,Y,Y,imsky:nouns/real_estate,"something that you can choose to have or do; the freedom to choose what you do"
house-building,"detail",a1,971,,Y,imsky:nouns/construction,"a small individual fact or item; a less important fact or item"
house-building,"reveal",b2,1011,Y,Y,imsky:nouns/construction,"to make something known to somebody"
house-building,"agent",b1,1012,,Y,imsky:nouns/real_estate,"a person whose job is to act for, or manage the affairs of, other people in business, politics, etc."
house-building,"hall",a2,1163,,Y,imsky:nouns/buildings,"a space or passage inside the entrance or front door of a building"
house-building,"title",a1,1176,,Y,imsky:nouns/construction,"the name of a book, poem, painting, piece of music, etc."
house-building,"hotel",a1,1186,,Y,imsky:nouns/buildings,"a building where people stay, usually for a short time, paying for their rooms and meals"
house-building,"soldier",a2,1235,,Y,imsky:nouns/construction,"a member of an army, especially one who is not an officer"
house-building,"restaurant",a1,1264,,Y,imsky:nouns/buildings,"a place where you can buy and eat a meal"
house-building,"museum",a1,1297,,Y,imsky:nouns/buildings,"a building in which objects of artistic, cultural, historical or scientific interest are kept and shown to the public"
house-building,"prison",a2,1332,,Y,imsky:nouns/buildings,"a building where people are kept as a punishment for a crime they have committed, or while they are waiting for trial"
house-building,"vehicle",a2,1352,,Y,imsky:nouns/construction,"a thing that is used for transporting people or goods from one place to another, such as a car or lorry"
house-building,"gold",a2,1364,,Y,imsky:nouns/metals,"bright yellow in colour, like gold"
house-building,"survey",a2,1395,,Y,imsky:nouns/construction,"an investigation of the opinions, behaviour, etc. of a particular group of people, which is usually done by asking them "
house-building,"stone",a2,1420,,Y,imsky:adjectives/materials,"a hard solid mineral substance that is found in the ground, often used for building"
house-building,"theater",,1504,,Y,imsky:nouns/buildings,""
house-building,"grade",b1,1556,,Y,imsky:nouns/construction,"a mark given in an exam or for a piece of school work"
house-building,"core",b2,1754,,Y,imsky:nouns/construction,"most important; main or essential"
house-building,"plate",a2,1789,,Y,imsky:nouns/construction,"a flat, usually round, dish that you put food on"
house-building,"metal",a2,1942,Y,Y,imsky:adjectives/materials,"a type of solid mineral substance that is usually hard and shiny and that heat and electricity can travel through, for e"
house-building,"valley",a2,1951,,Y,imsky:nouns/construction,"an area of low land between hills or mountains, often with a river flowing through it; the land that a river flows throu"
house-building,"airport",a1,2052,,Y,imsky:nouns/buildings,"a place where planes land and take off and that has buildings for passengers to wait in"
house-building,"frame",b1,2182,,Y,imsky:nouns/construction,"a strong border or structure of wood, metal, etc. that holds a picture, door, piece of glass, etc. in position"
house-building,"column",a2,2315,Y,Y,imsky:nouns/architecture,"one of the straight sections from top to bottom into which text on a page or screen is divided"
house-building,"buck",c1,2362,,Y,imsky:nouns/construction,"a US, Australian or New Zealand dollar; a South African rand; an Indian rupee"
house-building,"roof",a2,2421,,Y,imsky:nouns/construction,"the structure that covers or forms the top of a building or vehicle"
house-building,"jail",b2,2453,,Y,imsky:nouns/buildings,"a prison"
yard-outdoor,"water",a1,287,,Y,manual-pin,"a liquid without colour, smell or taste that falls as rain, is in lakes, rivers and seas, and is used for drinking, wash"
yard-outdoor,"plant",a1,821,,Y,manual-pin,"a living thing that grows in the earth and usually has a stem, leaves and roots, especially one that is smaller than a t"
yard-outdoor,"root",b2,1976,Y,Y,manual-pin,"the part of a plant that grows under the ground and takes in water and minerals that it sends to the rest of the plant"
yard-outdoor,"branch",b1,2159,Y,Y,manual-pin,"a part of a tree that grows out from the main stem and on which leaves, flowers and fruit grow"
yard-outdoor,"soil",b1,2244,,Y,manual-pin,"the top layer of the earth in which plants, trees, etc. grow"
yard-outdoor,"grass",a2,2490,,Y,manual-pin,"a common wild plant with narrow green leaves and stems that are eaten by cows, horses, sheep, etc."
yard-outdoor,"pot",b1,2548,,Y,manual-pin,"a deep round container used for cooking things in"
yard-outdoor,"dirt",b1,3098,,Y,manual-pin,"any substance that makes something dirty, for example dust, soil or mud"
yard-outdoor,"deck",b2,3171,,Y,manual-pin,"the top outside floor of a ship or boat"
yard-outdoor,"leaves",,,,,manual-pin,""
yard-outdoor,"lawn",c1,3653,,,manual-pin,"an area of ground covered in short grass in a garden or park, or used for playing a game on"
yard-outdoor,"trunk",,4090,,,manual-pin,""
yard-outdoor,"mud",b1,4210,,Y,manual-pin,"wet earth that is soft and sticky"
yard-outdoor,"bush",b2,4291,,,manual-pin,"a plant that grows thickly with several hard stems coming up from the root"
yard-outdoor,"pond",c1,4560,,,manual-pin,"a small area of still water, especially one that is artificial"
yard-outdoor,"weed",c1,4687,,,manual-pin,"a wild plant growing where it is not wanted, especially among crops or garden plants"
yard-outdoor,"backyard",,4817,,,manual-pin,""
yard-outdoor,"gardening",,,,,manual-pin,""
yard-outdoor,"trim",,,,,manual-pin,""
yard-outdoor,"grill",,,,,manual-pin,""
yard-outdoor,"patio",,,,,manual-pin,""
yard-outdoor,"cooler",,,,,manual-pin,""
yard-outdoor,"hose",,,,,manual-pin,""
yard-outdoor,"boulder",,,,,manual-pin,""
yard-outdoor,"sprinkler",,,,,manual-pin,""
yard-outdoor,"shovel",,,,,manual-pin,""
yard-outdoor,"rake",,,,,manual-pin,""
yard-outdoor,"broom",,,,,manual-pin,""
yard-outdoor,"wheelbarrow",,,,,manual-pin,""
yard-outdoor,"flowerbed",,,,,manual-pin,""
yard-outdoor,"mulch",,,,,manual-pin,""
yard-outdoor,"pebble",,,,,manual-pin,""
yard-outdoor,"puddle",,,,,manual-pin,""
yard-outdoor,"compost",,,,,manual-pin,""
yard-outdoor,"twig",,,,,manual-pin,""
yard-outdoor,"stump",,,,,manual-pin,""
yard-outdoor,"shrub",,,,,manual-pin,""
yard-outdoor,"hedge",,,,,manual-pin,""
yard-outdoor,"lawnmower",,,,,manual-pin,""
yard-outdoor,"sandbox",,,,,manual-pin,""
yard-outdoor,"swing set",,,,,manual-pin,""
yard-outdoor,"trampoline",,,,,manual-pin,""
yard-outdoor,"treehouse",,,,,manual-pin,""
yard-outdoor,"birdhouse",,,,,manual-pin,""
yard-outdoor,"beehive",,,,,manual-pin,""
yard-outdoor,"anthill",,,,,manual-pin,""
yard-outdoor,"spiderweb",,,,,manual-pin,""
yard-outdoor,"fertilizer",,,,,manual-pin,""
yard-outdoor,"pesticide",,,,,manual-pin,""
yard-outdoor,"pollen",,,,,manual-pin,""
yard-outdoor,"thorn",,,,,manual-pin,""
yard-outdoor,"planter",,,,,manual-pin,""
yard-outdoor,"trowel",,,,,manual-pin,""
yard-outdoor,"pruning shears",,,,,manual-pin,""
yard-outdoor,"leaf blower",,,,,manual-pin,""
yard-outdoor,"rake leaves",,,,,manual-pin,""
yard-outdoor,"mow",,,,,manual-pin,""
yard-outdoor,"prune",,,,,manual-pin,""
yard-outdoor,"fertilize",,,,,manual-pin,""
yard-outdoor,"firepit",,,,,manual-pin,""
yard-outdoor,"gazebo",,,,,manual-pin,""
yard-outdoor,"pergola",,,,,manual-pin,""
yard-outdoor,"awning",,,,,manual-pin,""
yard-outdoor,"umbrella",a1,,,Y,manual-pin,"an object with a round folding frame of long, straight pieces of metal covered with material, that you use to protect yo"
yard-outdoor,"lounger",,,,,manual-pin,""
yard-outdoor,"hammock",,,,,manual-pin,""
yard-outdoor,"barbecue",,,,,manual-pin,""
yard-outdoor,"lawn chair",,,,,manual-pin,""
yard-outdoor,"picnic table",,,,,manual-pin,""
yard-outdoor,"tree",a1,718,,Y,imsky:nouns/plants,"a tall plant that can live a long time. Trees have a thick central wooden trunk from which branches grow, usually with l"
yard-outdoor,"garden",a1,1341,,Y,imsky:nouns/plants,"a piece of land next to or around your house where you can grow flowers, fruit, vegetables, etc., usually with a lawn (="
yard-outdoor,"forest",a2,1531,,Y,imsky:nouns/plants,"a large area of land that is thickly covered with trees"
yard-outdoor,"wood",a2,1572,,Y,imsky:nouns/plants,"the hard material that the trunk and branches of a tree are made of; this material when it is used to build or make thin"
yard-outdoor,"flower",a1,1850,,Y,imsky:nouns/plants,"the coloured part of a plant from which the seed or fruit develops. Flowers usually grow at the end of a stem and last o"
yard-outdoor,"fruit",a1,1947,,Y,imsky:nouns/plants,"the part of a plant that consists of one or more seeds and a soft inner part, can be eaten as food and usually tastes sw"
yard-outdoor,"leaf",b1,2025,,Y,imsky:nouns/plants,"a flat green part of a plant, growing from a stem or branch or from the root"
yard-outdoor,"seed",b1,2218,Y,,imsky:nouns/plants,"the small hard part produced by a plant, from which a new plant can grow"
yard-outdoor,"jungle",,4962,Y,,imsky:nouns/plants,""
yard-outdoor,"fern",,,Y,,imsky:nouns/plants,""
yard-outdoor,"spore",,,Y,,imsky:nouns/plants,""
yard-outdoor,"vein",c1,,Y,,imsky:nouns/plants,"any of the tubes that carry blood from all parts of the body towards the heart"
yard-outdoor,"shoot",b1,657,,,imsky:nouns/plants,"to fire a gun or other weapon; to fire something from a weapon"
yard-outdoor,"blade",c1,3631,,,imsky:nouns/plants,"the flat part of a knife, tool or machine, which has a sharp edge or edges for cutting"
yard-outdoor,"stem",c1,3829,,,imsky:nouns/plants,"the main long, thin part of a plant above the ground from which the leaves or flowers grow; a smaller part that grows fr"
yard-outdoor,"herb",b2,4464,,,imsky:nouns/plants,"a plant whose leaves, flowers or seeds are used to add taste to food, in medicines or for their pleasant smell. parsley,"
yard-outdoor,"tom",,,,,imsky:nouns/cats,""
yard-outdoor,"bean",a2,2771,,,imsky:nouns/plants,"a seed, or pod containing seeds, of a climbing plant, eaten as a vegetable. There are several types of bean and the plan"
yard-outdoor,"grove",,,,,imsky:nouns/plants,""
yard-outdoor,"oriental",,,,,imsky:nouns/cats,""
yard-outdoor,"sage",,,,,imsky:nouns/plants,""
yard-outdoor,"moss",,,,,imsky:nouns/plants,""
yard-outdoor,"cork",,,,,imsky:nouns/plants,""
yard-outdoor,"persian",,,,,imsky:nouns/cats,""
yard-outdoor,"shepherd",,,,,imsky:nouns/dogs,""
yard-outdoor,"dingo",,,,,imsky:nouns/dogs,""
yard-outdoor,"angora",,,,,imsky:nouns/cats,""
yard-outdoor,"balinese",,,,,imsky:nouns/cats,""
yard-outdoor,"bengal",,,,,imsky:nouns/cats,""
yard-outdoor,"birman",,,,,imsky:nouns/cats,""
yard-outdoor,"bobtail",,,,,imsky:nouns/cats,""
yard-outdoor,"bombay",,,,,imsky:nouns/cats,""
yard-outdoor,"burmese",,,,,imsky:nouns/cats,""
yard-outdoor,"calico",,,,,imsky:nouns/cats,""
yard-outdoor,"himalayan",,,,,imsky:nouns/cats,""
yard-outdoor,"javanese",,,,,imsky:nouns/cats,""
yard-outdoor,"korat",,,,,imsky:nouns/cats,""
yard-outdoor,"longhair",,,,,imsky:nouns/cats,""
yard-outdoor,"marmalade",,,,,imsky:nouns/cats,""
yard-outdoor,"siamese",,,,,imsky:nouns/cats,""
yard-outdoor,"siberian",,,,,imsky:nouns/cats,""
tools-repairs,"level",b1,354,,Y,manual-pin,"having a flat surface that does not slope"
tools-repairs,"cut",b1,467,,Y,manual-pin,"a wound caused by something sharp"
tools-repairs,"measure",b1,1032,,Y,manual-pin,"an official action that is done in order to achieve a particular aim"
tools-repairs,"spring",a1,1169,,Y,manual-pin,"the season between winter and summer when plants begin to grow"
tools-repairs,"replace",a2,1276,,Y,manual-pin,"to be used instead of somebody/something else; to do something instead of somebody/something else"
tools-repairs,"fix",b2,1482,,Y,manual-pin,"a solution to a problem, especially an easy or temporary one"
tools-repairs,"saw",,,,,manual-pin,""
tools-repairs,"mark",a2,1932,,Y,manual-pin,"a written or printed symbol that is used as a sign of something, for example the quality of something or who made or own"
tools-repairs,"paint",a1,1991,,Y,manual-pin,"a liquid that is put on surfaces to give them a particular colour; a layer of this liquid when it has dried on a surface"
tools-repairs,"gap",a2,2258,Y,Y,manual-pin,"a space where something is missing"
tools-repairs,"install",b2,2400,,Y,manual-pin,"to fix equipment or furniture into position so that it can be used"
tools-repairs,"adjust",b2,2464,,Y,manual-pin,"to change something slightly to make it more suitable for a new set of conditions or to make it work better"
tools-repairs,"switch",b2,2514,Y,Y,manual-pin,"a small device that you press or move up and down in order to turn a light or piece of electrical equipment on and off"
tools-repairs,"sand",b1,2522,,Y,manual-pin,"a substance that consists of very small fine grains of rock. Sand is found on beaches, in deserts, etc."
tools-repairs,"nut",a2,2984,,Y,manual-pin,"a small hard fruit with a very hard shell that grows on some trees"
tools-repairs,"screw",c1,3020,,Y,manual-pin,"a thin pointed piece of metal like a nail with a raised spiral line (called a thread) along it and a line or cross cut i"
tools-repairs,"plug",c1,,,,manual-pin,"a small plastic object with two or three metal pins that connects a piece of electrical equipment to the main supply of "
tools-repairs,"crack",b2,3406,,Y,manual-pin,"a line on the surface of something where it has broken but not split into separate parts"
tools-repairs,"patch",c1,3594,,,manual-pin,"a small area of something, especially one which is different from the area around it"
tools-repairs,"wallpaper",,,,,manual-pin,""
tools-repairs,"nail",b1,3678,,Y,manual-pin,"the thin hard layer covering the outer tip of the fingers or toes"
tools-repairs,"router",,,,,manual-pin,""
tools-repairs,"repair",b1,4204,,Y,manual-pin,"an act of repairing something"
tools-repairs,"drill",,4645,,,manual-pin,""
tools-repairs,"cord",,4915,,,manual-pin,""
tools-repairs,"leak",c1,5009,,,manual-pin,"a small hole that lets liquid or gas flow in or out of something by accident"
tools-repairs,"hammer",,5045,,,manual-pin,""
tools-repairs,"socket",,,,,manual-pin,""
tools-repairs,"jam",a2,,,Y,manual-pin,"a thick sweet substance made by boiling fruit with sugar, often sold in jars and spread on bread"
tools-repairs,"roller",,,,,manual-pin,""
tools-repairs,"toolbox",,,,,manual-pin,""
tools-repairs,"ladder",b2,,,,manual-pin,"a piece of equipment for climbing up and down a wall, the side of a building, etc., consisting of two lengths of wood or"
tools-repairs,"bolt",,,,,manual-pin,""
tools-repairs,"screwdriver",,,,,manual-pin,""
tools-repairs,"wrench",,,,,manual-pin,""
tools-repairs,"pliers",,,,,manual-pin,""
tools-repairs,"tape measure",,,,,manual-pin,""
tools-repairs,"glue",,,,,manual-pin,""
tools-repairs,"duct tape",,,,,manual-pin,""
tools-repairs,"sandpaper",,,,,manual-pin,""
tools-repairs,"paintbrush",,,,,manual-pin,""
tools-repairs,"stepstool",,,,,manual-pin,""
tools-repairs,"workbench",,,,,manual-pin,""
tools-repairs,"clamp",,,,,manual-pin,""
tools-repairs,"vise",,,,,manual-pin,""
tools-repairs,"hinge",,,,,manual-pin,""
tools-repairs,"latch",,,,,manual-pin,""
tools-repairs,"washer",,,,,manual-pin,""
tools-repairs,"mallet",,,,,manual-pin,""
tools-repairs,"crowbar",,,,,manual-pin,""
tools-repairs,"pickaxe",,,,,manual-pin,""
tools-repairs,"axe",,,,,manual-pin,""
tools-repairs,"chisel",,,,,manual-pin,""
tools-repairs,"plunger",,,,,manual-pin,""
tools-repairs,"utility knife",,,,,manual-pin,""
tools-repairs,"flashlight",,,,,manual-pin,""
tools-repairs,"extension cord",,,,,manual-pin,""
tools-repairs,"fuse",,,Y,,manual-pin,""
tools-repairs,"faucet",,,,,manual-pin,""
tools-repairs,"rust",,,Y,,manual-pin,""
tools-repairs,"clog",,,,,manual-pin,""
tools-repairs,"mildew",,,,,manual-pin,""
tools-repairs,"tighten",c1,,,,manual-pin,"to hold or fix something more securely in position; to make something or become more difficult to move, open or separate"
tools-repairs,"loosen",,,,,manual-pin,""
tools-repairs,"unclog",,,,,manual-pin,""
tools-repairs,"rewire",,,,,manual-pin,""
tools-repairs,"weld",,,,,manual-pin,""
tools-repairs,"solder",,,Y,,manual-pin,""
tools-repairs,"caulk",,,,,manual-pin,""
tools-repairs,"sealant",,,Y,,manual-pin,""
tools-repairs,"putty",,,,,manual-pin,""
tools-repairs,"epoxy",,,,,manual-pin,""
tools-repairs,"unscrew",,,,,manual-pin,""
tools-repairs,"stain",,,,,manual-pin,""
tools-repairs,"grout",,,,,manual-pin,""
tools-repairs,"spackle",,,,,manual-pin,""
tools-repairs,"pressure washer",,,,,manual-pin,""
tools-repairs,"shop vacuum",,,,,manual-pin,""
tools-repairs,"circular saw",,,,,manual-pin,""
tools-repairs,"jigsaw",,,,,manual-pin,""
tools-repairs,"angle grinder",,,,,manual-pin,""
tools-repairs,"lathe",,,,,manual-pin,""
tools-repairs,"soldering iron",,,,,manual-pin,""
home-items,"fan",a2,895,,Y,manual-pin,"a person who admires somebody/something or enjoys watching or listening to somebody/something very much"
home-items,"sheet",a2,2079,,Y,manual-pin,"a large piece of thin cloth used on a bed to lie on or lie under"
home-items,"iron",b1,2517,Y,Y,manual-pin,"a chemical element. Iron is a hard strong metal that is used to make steel and is also found in small quantities in bloo"
home-items,"remote",b1,3176,Y,Y,manual-pin,"far away from places where other people live"
home-items,"cabinet",c1,3362,Y,Y,manual-pin,"a group of senior members of a government that is responsible for advising and deciding on government policy"
home-items,"shelf",b1,3385,,Y,manual-pin,"a flat board, made of wood, metal, glass, etc., fixed to the wall or forming part of a cupboard, bookcase, etc., for thi"
home-items,"oven",a2,3395,,Y,manual-pin,"the part of a cooker that is like a box with a door on the front, in which food is cooked or heated"
home-items,"closet",,3591,,,manual-pin,""
home-items,"blanket",b2,3661,,Y,manual-pin,"a large cover, often made of wool, used especially on beds to keep people warm"
home-items,"curtain",b1,4222,,Y,manual-pin,"a piece of cloth that is hung to cover a window"
home-items,"carpet",a2,4452,,Y,manual-pin,"a piece of thick woven material made of wool, etc., used to cover the floor of a room or stairs; the material used for c"
home-items,"lamp",a2,4541,,Y,manual-pin,"a device that uses electricity, oil or gas to produce light"
home-items,"pillow",,4547,,Y,manual-pin,""
home-items,"vacuum",c1,,Y,,manual-pin,"a space that is completely empty of all substances, including all air or other gas"
home-items,"charger",,,,,manual-pin,""
home-items,"drawer",,4892,,,manual-pin,""
home-items,"microwave",,,,Y,manual-pin,""
home-items,"rug",,,,,manual-pin,""
home-items,"fridge",a2,,,Y,manual-pin,"a piece of electrical equipment in which food is kept cold so that it stays fresh"
home-items,"heater",,,,,manual-pin,""
home-items,"mattress",,,,,manual-pin,""
home-items,"duvet",,,,,manual-pin,""
home-items,"comforter",,,,,manual-pin,""
home-items,"blinds",,,,,manual-pin,""
home-items,"doormat",,,,,manual-pin,""
home-items,"cupboard",a2,,,Y,manual-pin,"a piece of furniture with doors and shelves used for storing dishes, food, clothes, etc."
home-items,"wardrobe",,,,,manual-pin,""
home-items,"dresser",,,,,manual-pin,""
home-items,"nightstand",,,,,manual-pin,""
home-items,"chandelier",,,,,manual-pin,""
home-items,"air conditioner",,,,,manual-pin,""
home-items,"freezer",,,,,manual-pin,""
home-items,"stove",,,,,manual-pin,""
home-items,"toaster",,,,,manual-pin,""
home-items,"kettle",,,,,manual-pin,""
home-items,"blender",,,,,manual-pin,""
home-items,"mixer",,,,,manual-pin,""
home-items,"dishwasher",,,,,manual-pin,""
home-items,"washer",,,,,manual-pin,""
home-items,"dryer",,,,,manual-pin,""
home-items,"power strip",,,,,manual-pin,""
home-items,"extension cord",,,,,manual-pin,""
home-items,"thermostat",,,,,manual-pin,""
home-items,"smoke detector",,,,,manual-pin,""
home-items,"fire extinguisher",,,,,manual-pin,""
home-items,"humidifier",,,,,manual-pin,""
home-items,"dehumidifier",,,,,manual-pin,""
home-items,"air purifier",,,,,manual-pin,""
home-items,"crockpot",,,,,manual-pin,""
home-items,"instant pot",,,,,manual-pin,""
home-items,"air fryer",,,,,manual-pin,""
home-items,"rice cooker",,,,,manual-pin,""
home-items,"food processor",,,,,manual-pin,""
home-items,"coffee maker",,,,,manual-pin,""
home-items,"espresso machine",,,,,manual-pin,""
home-items,"juicer",,,,,manual-pin,""
home-items,"stand mixer",,,,,manual-pin,""
home-items,"hand mixer",,,,,manual-pin,""
home-items,"spatula",,,,,manual-pin,""
home-items,"whisk",,,,,manual-pin,""
home-items,"tongs",,,,,manual-pin,""
home-items,"ladle",,,,,manual-pin,""
home-items,"colander",,,,,manual-pin,""
home-items,"strainer",,,,,manual-pin,""
home-items,"cutting board",,,,,manual-pin,""
home-items,"mixing bowl",,,,,manual-pin,""
home-items,"measuring cup",,,,,manual-pin,""
home-items,"baking sheet",,,,,manual-pin,""
home-items,"cookie sheet",,,,,manual-pin,""
home-items,"casserole dish",,,,,manual-pin,""
home-items,"tupperware",,,,,manual-pin,""
home-items,"food container",,,,,manual-pin,""
home-items,"pantry",,,,,manual-pin,""
home-items,"spice rack",,,,,manual-pin,""
home-items,"be",a1,2,,Y,core-fallback,"used when you are naming people or things, describing them or giving more information about them"
home-items,"have",a1,11,,Y,core-fallback,"to own, hold or possess something"
home-items,"do",a1,15,,Y,core-fallback,"used to refer to actions that you do not mention by name or do not know about"
home-items,"say",a1,26,,Y,core-fallback,"to speak or tell somebody something, using words"
home-items,"get",a1,34,,Y,core-fallback,"to receive something"
home-items,"can",a2,37,,Y,imsky:nouns/containers,"a metal container in which food and drink is sold"
home-items,"would",a1,49,,Y,core-fallback,"used in polite offers or invitations"
home-items,"just",a1,51,,Y,core-fallback,"only"
home-items,"see",a1,56,,Y,core-fallback,"to become aware of somebody/something by using your eyes"
home-items,"come",a1,61,,Y,core-fallback,"to move to or towards a person or place"
home-items,"take",a1,63,,Y,core-fallback,"to carry or move something from one place to another"
home-items,"want",a1,68,,Y,core-fallback,"to have a desire or a wish for something/somebody"
home-items,"could",a1,75,,Y,core-fallback,"used as the past tense of ‘can’"
home-items,"well",a1,87,,Y,core-fallback,"in good health"
home-items,"good",a1,93,,Y,core-fallback,"of high quality or an acceptable standard"
home-items,"give",a1,98,,Y,core-fallback,"to hand something to somebody so that they can look at it, use it or keep it for a time"
home-items,"should",a1,110,,Y,core-fallback,"used to show what is right, appropriate, etc., especially when criticizing somebody’s actions"
home-items,"only",a1,112,,Y,core-fallback,"used to say that no other or others of the same group exist or are there"
home-items,"right",a1,118,Y,Y,core-fallback,"true or correct as a fact"
home-items,"let",a1,122,,Y,core-fallback,"used for making suggestions or as a polite way of telling people what you want them to do"
home-items,"may",a1,127,,Y,core-fallback,"the fifth month of the year, between April and June"
home-items,"mean",a1,130,Y,Y,core-fallback,"to have something as a meaning in the same or another language"
home-items,"keep",a1,151,,Y,core-fallback,"to continue to have something and not give it back or throw it away"
home-items,"help",a1,155,,Y,core-fallback,"the act of helping somebody to do something"
home-items,"same",a1,158,,Y,core-fallback,"exactly the one or ones referred to or mentioned; not different"
home-items,"own",a1,160,,Y,core-fallback,"used to emphasize that something belongs to or is connected with somebody"
home-items,"high",a1,164,,Y,core-fallback,"measuring a long distance from the bottom to the top"
home-items,"become",a1,167,,Y,core-fallback,"to start to be something"
home-items,"happen",a1,170,,Y,core-fallback,"to take place, especially without being planned"
home-items,"show",a1,177,,Y,core-fallback,"a programme on television or the radio"
home-items,"hear",a1,184,,Y,core-fallback,"to be aware of sounds with your ears"
home-items,"believe",a1,189,,Y,core-fallback,"to feel certain that something is true or that somebody is telling you the truth"
home-items,"point",a1,193,Y,Y,core-fallback,"a thing that somebody says or writes giving their opinion or stating a fact"
home-items,"case",a2,205,,Y,imsky:nouns/containers,"a particular situation or a situation of a particular type"
home-items,"bring",a1,213,,Y,core-fallback,"to come to a place with somebody/something"
home-items,"money",a1,215,,Y,core-fallback,"what you earn by working or selling things, and use to buy things"
home-items,"next",a1,221,,Y,core-fallback,"coming straight after somebody/something in time, order or space"
home-items,"must",a1,228,,Y,core-fallback,"used to say that something is necessary or very important (sometimes involving a rule or a law)"
home-items,"bad",a1,229,,Y,core-fallback,"unpleasant; full of problems"
home-items,"different",a1,236,,Y,core-fallback,"not the same as somebody/something; not like somebody/something else"
home-items,"sure",a1,247,,Y,core-fallback,"confident that you know something or that you are right"
home-items,"name",a1,262,,Y,core-fallback,"a word or words that a particular person, animal, place or thing is known by"
home-items,"room",a1,264,,Y,yle:home,"a part of a building that has its own walls, floor and ceiling and is usually used for a particular purpose"
home-items,"lose",a1,273,,Y,core-fallback,"to be unable to find something/somebody"
home-items,"real",a1,280,,Y,core-fallback,"actually existing or happening and not imagined or pretended"
home-items,"best",a1,281,,Y,core-fallback,"of the most excellent type or quality"
home-items,"important",a1,297,,Y,core-fallback,"having a great effect on people or things; of great value"
home-items,"thank",a1,300,,Y,core-fallback,"to tell somebody that you are grateful for something"
home-items,"watch",a1,315,,Y,core-fallback,"a type of small clock that you wear on your wrist, or (in the past) carried in your pocket"
home-items,"include",a1,328,,Y,core-fallback,"if one thing includes another, it has the second thing as one of its parts"
home-items,"remember",a1,334,,Y,core-fallback,"to have or keep an image in your memory of an event, a person, a place, etc. from the past"
home-items,"enough",a1,352,,Y,core-fallback,"to the necessary degree"
home-items,"die",a1,371,,Y,core-fallback,"to stop living"
home-items,"buy",a1,375,,Y,core-fallback,"to obtain something by paying money for it"
home-items,"result",a1,376,,Y,core-fallback,"a thing that is caused or produced because of something else"
home-items,"send",a1,382,,Y,core-fallback,"to make something go or be taken to a place, especially by post, email, radio, etc."
bathroom-cleaning,"organize",a2,1895,,Y,manual-pin,"to make all the arrangements for something to happen or be provided"
bathroom-cleaning,"mirror",a2,2207,Y,Y,manual-pin,"a piece of special flat glass that reflects images, so that you can see yourself when you look in it"
bathroom-cleaning,"iron",b1,2517,Y,Y,manual-pin,"a chemical element. Iron is a hard strong metal that is used to make steel and is also found in small quantities in bloo"
bathroom-cleaning,"dust",b1,2635,,Y,manual-pin,"a fine powder that consists of very small pieces of sand, earth, etc."
bathroom-cleaning,"wipe",c1,2834,,Y,manual-pin,"to rub something against a surface, in order to remove dirt or liquid from it; to rub a surface with a cloth, etc. in or"
bathroom-cleaning,"tissue",b2,2948,,Y,manual-pin,"a piece of soft paper, used especially as a handkerchief"
bathroom-cleaning,"shower",a1,3093,,Y,manual-pin,"a piece of equipment producing a flow of water that you stand under to wash yourself; the small room or part of a room t"
bathroom-cleaning,"sink",b1,3156,,Y,manual-pin,"to go down below the surface or towards the bottom of a liquid or soft substance"
bathroom-cleaning,"sweep",b2,3181,,Y,manual-pin,"to clean a room, surface, etc. using a broom (= a type of brush on a long handle)"
bathroom-cleaning,"toilet",a1,3730,,Y,manual-pin,"a large bowl attached to a pipe that you sit on or stand over when you get rid of waste matter from your body"
bathroom-cleaning,"brush",a2,3739,,,manual-pin,"an object made of short stiff hairs (called bristles) or wires set in a block of wood or plastic, usually attached to a "
bathroom-cleaning,"towel",a2,3976,,Y,manual-pin,"a piece of cloth or paper used for drying things, especially your body"
bathroom-cleaning,"drain",c1,4354,,,manual-pin,"to make something empty or dry by removing the liquid from it; to become empty or dry in this way"
bathroom-cleaning,"spray",,,,,manual-pin,""
bathroom-cleaning,"soap",a2,4709,,Y,manual-pin,"a substance that you use with water for washing your body"
bathroom-cleaning,"perfume",,,,,manual-pin,""
bathroom-cleaning,"tub",,,,,manual-pin,""
bathroom-cleaning,"foam",,,,,manual-pin,""
bathroom-cleaning,"mold",,,,,manual-pin,""
bathroom-cleaning,"flush",,,,,manual-pin,""
bathroom-cleaning,"showerhead",,,,,manual-pin,""
bathroom-cleaning,"toilet paper",,,,,manual-pin,""
bathroom-cleaning,"washcloth",,,,,manual-pin,""
bathroom-cleaning,"sponge",,,,,manual-pin,""
bathroom-cleaning,"rag",,,Y,,manual-pin,""
bathroom-cleaning,"mop",,,,,manual-pin,""
bathroom-cleaning,"broom",,,,,manual-pin,""
bathroom-cleaning,"dustpan",,,,,manual-pin,""
bathroom-cleaning,"detergent",,,,,manual-pin,""
bathroom-cleaning,"bleach",,,,,manual-pin,""
bathroom-cleaning,"disinfectant",,,,,manual-pin,""
bathroom-cleaning,"shampoo",,,,,manual-pin,""
bathroom-cleaning,"conditioner",,,,,manual-pin,""
bathroom-cleaning,"lotion",,,,,manual-pin,""
bathroom-cleaning,"razor",,,,,manual-pin,""
bathroom-cleaning,"shaving cream",,,,,manual-pin,""
bathroom-cleaning,"toothbrush",,,,,manual-pin,""
bathroom-cleaning,"toothpaste",,,,,manual-pin,""
bathroom-cleaning,"floss",,,,,manual-pin,""
bathroom-cleaning,"mouthwash",,,,,manual-pin,""
bathroom-cleaning,"shower curtain",,,,,manual-pin,""
bathroom-cleaning,"bath mat",,,,,manual-pin,""
bathroom-cleaning,"plunger",,,,,manual-pin,""
bathroom-cleaning,"air freshener",,,,,manual-pin,""
bathroom-cleaning,"scented candle",,,,,manual-pin,""
bathroom-cleaning,"sanitizer",,,,,manual-pin,""
bathroom-cleaning,"antibacterial",,,,,manual-pin,""
bathroom-cleaning,"antiperspirant",,,,,manual-pin,""
bathroom-cleaning,"deodorant",,,,,manual-pin,""
bathroom-cleaning,"cologne",,,,,manual-pin,""
bathroom-cleaning,"tweezers",,,,,manual-pin,""
bathroom-cleaning,"nail clippers",,,,,manual-pin,""
bathroom-cleaning,"cotton swab",,,,,manual-pin,""
bathroom-cleaning,"cotton ball",,,,,manual-pin,""
bathroom-cleaning,"hairdryer",,,,,manual-pin,""
bathroom-cleaning,"comb",,,,,manual-pin,""
bathroom-cleaning,"curling iron",,,,,manual-pin,""
bathroom-cleaning,"flat iron",,,,,manual-pin,""
bathroom-cleaning,"stain",,,,,manual-pin,""
bathroom-cleaning,"mildew",,,,,manual-pin,""
bathroom-cleaning,"crumbs",,,,,manual-pin,""
bathroom-cleaning,"lint",,,,,manual-pin,""
bathroom-cleaning,"grime",,,,,manual-pin,""
bathroom-cleaning,"grease",,,,,manual-pin,""
bathroom-cleaning,"scrub",,,,,manual-pin,""
bathroom-cleaning,"rinse",,,,,manual-pin,""
bathroom-cleaning,"soak",c1,,,,manual-pin,"to put something in liquid for a time so that it becomes completely wet; to become completely wet in this way"
bathroom-cleaning,"lather",,,,,manual-pin,""
bathroom-cleaning,"tidy up",,,,,manual-pin,""
bathroom-cleaning,"declutter",,,,,manual-pin,""
bathroom-cleaning,"sanitize",,,,,manual-pin,""
bathroom-cleaning,"disinfect",,,Y,,manual-pin,""
bathroom-cleaning,"launder",,,,,manual-pin,""
bathroom-cleaning,"fold laundry",,,,,manual-pin,""
bathroom-cleaning,"change sheets",,,,,manual-pin,""
bathroom-cleaning,"take out trash",,,,,manual-pin,""
bathroom-cleaning,"recycle",,,,,manual-pin,""
texture-surface,"firm",b2,1202,,Y,manual-pin,"a business or company"
texture-surface,"soft",a2,1762,,Y,manual-pin,"changing shape easily when pressed; not stiff or hard"
texture-surface,"plastic",a2,1930,Y,Y,manual-pin,"made of plastic"
texture-surface,"solid",b1,2158,Y,Y,manual-pin,"hard; not in the form of a liquid or gas"
texture-surface,"rough",b1,2847,,Y,manual-pin,"having a surface that is not even or regular"
texture-surface,"smooth",b1,2903,,Y,manual-pin,"completely flat and even, without any rough areas or holes"
texture-surface,"liquid",b1,,Y,,manual-pin,"in the form of a liquid; not a solid or a gas"
texture-surface,"tender",c1,4733,,,manual-pin,"kind, gentle and loving"
texture-surface,"transparent",c1,,Y,,manual-pin,"allowing you to see through it"
texture-surface,"metallic",,,,,manual-pin,""
texture-surface,"sticky",b2,,,,manual-pin,"made of or covered in a substance that sticks to things that touch it"
texture-surface,"hollow",b2,,,,manual-pin,"having a hole or empty space inside"
texture-surface,"slippery",,,,,manual-pin,""
texture-surface,"dusty",,,,,manual-pin,""
texture-surface,"greasy",,,,,manual-pin,""
texture-surface,"damp",,,,,manual-pin,""
texture-surface,"soggy",,,,,manual-pin,""
texture-surface,"cracked",,,,,manual-pin,""
texture-surface,"stained",,,,,manual-pin,""
texture-surface,"rusty",,,,,manual-pin,""
texture-surface,"shiny",b1,,,Y,manual-pin,"smooth and bright; reflecting the light"
texture-surface,"glossy",,,,,manual-pin,""
texture-surface,"matte",,,,,manual-pin,""
texture-surface,"fluffy",,,,,manual-pin,""
texture-surface,"spongy",,,,,manual-pin,""
texture-surface,"lumpy",,,,,manual-pin,""
texture-surface,"bumpy",,,,,manual-pin,""
texture-surface,"flaky",,,,,manual-pin,""
texture-surface,"brittle",,,Y,,manual-pin,""
texture-surface,"fragile",c1,,Y,,manual-pin,"easily broken or damaged"
texture-surface,"sturdy",,,Y,,manual-pin,""
texture-surface,"wrinkled",,,,,manual-pin,""
texture-surface,"creased",,,,,manual-pin,""
texture-surface,"dented",,,,,manual-pin,""
texture-surface,"chipped",,,,,manual-pin,""
texture-surface,"frayed",,,,,manual-pin,""
texture-surface,"torn",,,,,manual-pin,""
texture-surface,"patchy",,,,,manual-pin,""
texture-surface,"translucent",,,Y,,manual-pin,""
texture-surface,"opaque",,,Y,,manual-pin,""
texture-surface,"reflective",,,,,manual-pin,""
texture-surface,"iridescent",,,Y,,manual-pin,""
texture-surface,"velvety",,,Y,,manual-pin,""
texture-surface,"silky",,,,,manual-pin,""
texture-surface,"leathery",,,,,manual-pin,""
texture-surface,"rubbery",,,,,manual-pin,""
texture-surface,"porous",,,,,manual-pin,""
texture-surface,"absorbent",,,,,manual-pin,""
texture-surface,"waterproof",,,,,manual-pin,""
texture-surface,"breathable",,,,,manual-pin,""
texture-surface,"insulated",,,,,manual-pin,""
texture-surface,"lined",,,,,manual-pin,""
texture-surface,"padded",,,,,manual-pin,""
texture-surface,"cushioned",,,,,manual-pin,""
texture-surface,"jagged",,,,,manual-pin,""
texture-surface,"serrated",,,,,manual-pin,""
texture-surface,"pointy",,,,,manual-pin,""
texture-surface,"blunt",,,Y,,manual-pin,""
texture-surface,"curved",b2,,,,manual-pin,"having a round shape"
texture-surface,"arched",,,,,manual-pin,""
texture-surface,"tapered",,,,,manual-pin,""
texture-surface,"gelatinous",,,,,manual-pin,""
texture-surface,"molten",,,,,manual-pin,""
texture-surface,"frothy",,,,,manual-pin,""
texture-surface,"foamy",,,,,manual-pin,""
texture-surface,"crusty",,,,,manual-pin,""
texture-surface,"crumbly",,,,,manual-pin,""
texture-surface,"powdery",,,,,manual-pin,""
texture-surface,"gritty",,,,,manual-pin,""
texture-surface,"slimy",,,,,manual-pin,""
texture-surface,"mushy",,,,,manual-pin,""
texture-surface,"big",a1,156,,Y,imsky:adjectives/size,"large in size, degree, amount, etc."
texture-surface,"little",a1,238,,Y,imsky:adjectives/size,"not big; small; smaller than others"
texture-surface,"small",a1,248,,Y,imsky:adjectives/size,"not large in size, number, degree, amount, etc."
texture-surface,"large",a1,270,,Y,imsky:adjectives/size,"big in size or quantity"
texture-surface,"long",a1,284,,Y,imsky:adjectives/size,"measuring or covering a great length or distance, or a greater length or distance than usual"
texture-surface,"black",a1,340,,Y,imsky:adjectives/colors,"having the very darkest colour, like coal or the sky at night"
texture-surface,"white",a1,386,,Y,imsky:adjectives/colors,"having the colour of fresh snow or of milk"
texture-surface,"full",a1,470,,Y,imsky:adjectives/shape,"containing or holding as much or as many as possible; having no empty space"
texture-surface,"color",,607,,Y,yle:colours,""
texture-surface,"red",a1,672,,Y,imsky:adjectives/colors,"having the colour of blood or fire"
texture-surface,"hot",a1,755,,Y,imsky:adjectives/temperature,"having a high temperature; producing heat"
texture-surface,"huge",a2,883,,Y,imsky:adjectives/size,"extremely large in size or amount; great in degree"
texture-surface,"blue",a1,940,,Y,imsky:adjectives/colors,"having the colour of a clear sky or the sea on a clear day"
texture-surface,"green",a1,1005,,Y,imsky:adjectives/colors,"having the colour of grass or the leaves of most plants and trees"
texture-surface,"cool",a1,1019,,Y,imsky:adjectives/temperature,"fairly cold; not hot or warm"
texture-surface,"wide",a2,1168,,Y,imsky:adjectives/shape,"measuring a large distance from one side to the other"
texture-surface,"average",a2,1413,,Y,imsky:adjectives/size,"calculated by adding several amounts together, finding a total, and dividing the total by the number of amounts"
texture-surface,"tiny",b1,1578,,Y,imsky:adjectives/size,"very small in size or amount"
texture-surface,"straight",a2,1642,,Y,imsky:adjectives/shape,"without a bend or curve; going in one direction only"
texture-surface,"broad",b2,1658,,Y,imsky:adjectives/shape,"wide"
texture-surface,"bone",a2,1684,,Y,imsky:adjectives/colors,"any of the hard parts that form the skeleton of the body of a human or an animal"
texture-surface,"tall",a1,1848,,Y,imsky:adjectives/size,"having a greater than average height"
texture-surface,"massive",b2,1904,,Y,imsky:adjectives/size,"very large, heavy and solid"
texture-surface,"fat",a1,2010,Y,Y,imsky:adjectives/shape,"having too much flesh on it and weighing too much"
texture-surface,"thin",a2,2013,,Y,imsky:adjectives/shape,"having a smaller distance between opposite sides or surfaces than other similar objects or than normal"
texture-surface,"brown",a1,2076,,Y,imsky:adjectives/colors,"having the colour of earth or coffee"
texture-surface,"snow",a1,2092,,Y,imsky:adjectives/colors,"small soft white pieces (called flakes) of frozen water that fall from the sky in cold weather; this substance when it i"
texture-surface,"thick",a2,2115,,Y,imsky:adjectives/shape,"having a larger distance between opposite sides or surfaces than other similar objects or than normal"
texture-surface,"yellow",a1,2121,,Y,imsky:adjectives/colors,"having the colour of lemons or butter"
texture-surface,"gray",,2288,,Y,imsky:adjectives/colors,""
texture-surface,"round",a2,2365,Y,Y,imsky:adjectives/shape,"having a shape like a circle or a ball"
texture-surface,"silent",b1,2424,,Y,imsky:adjectives/sound,"where there is little or no sound; making little or no sound"
texture-surface,"narrow",a2,2491,,Y,imsky:adjectives/shape,"measuring a short distance from one side to the other, especially in relation to length"
texture-surface,"giant",b1,2563,,Y,imsky:adjectives/size,"very large; much larger or more important than similar things usually are"
texture-surface,"pink",a1,2634,,Y,imsky:adjectives/colors,"pale red in colour"
texture-surface,"jet",b2,2694,,Y,imsky:adjectives/colors,"a plane driven by jet engines"
texture-surface,"navy",,2695,,Y,imsky:adjectives/colors,""
texture-surface,"corn",,2934,,Y,imsky:adjectives/colors,""
texture-surface,"tomato",a1,3001,,Y,imsky:adjectives/colors,"a soft fruit with a lot of juice and shiny red skin that is eaten as a vegetable either raw or cooked"
clothes-details,"fly",a2,1083,,Y,manual-pin,"a small flying insect with two wings. There are many different types of fly and many of them spread disease."
clothes-details,"pocket",a2,1836,,Y,manual-pin,"a small piece of material like a small bag sewn into or onto a piece of clothing so that you can carry things in it"
clothes-details,"tear",b2,2059,,Y,manual-pin,"a hole that has been made in something by tearing"
clothes-details,"button",a2,2317,,Y,manual-pin,"a small round piece of metal, plastic, etc. that is sewn onto a piece of clothing and used for fastening two parts toget"
clothes-details,"iron",b1,2517,Y,Y,manual-pin,"a chemical element. Iron is a hard strong metal that is used to make steel and is also found in small quantities in bloo"
clothes-details,"jacket",a1,2599,,Y,manual-pin,"a piece of clothing worn on the top half of the body over a shirt, etc. that has arms and fastens down the front; a shor"
clothes-details,"snap",c1,2866,,Y,manual-pin,"to break something suddenly with a sharp noise; to be broken in this way"
clothes-details,"tight",b1,3059,,Y,manual-pin,"held or fixed in position securely; difficult to move, open or separate"
clothes-details,"alter",b2,3089,Y,,manual-pin,"to become different; to make somebody/something different"
clothes-details,"loose",b2,3155,,Y,manual-pin,"not securely fixed where it should be; able to become separated from something"
clothes-details,"leather",b1,3535,,Y,manual-pin,"material made by removing the hair or fur from animal skins and preserving the skins using special processes"
clothes-details,"patch",c1,3594,,,manual-pin,"a small area of something, especially one which is different from the area around it"
clothes-details,"boots",,,,,manual-pin,""
clothes-details,"jeans",a1,3955,,Y,manual-pin,"trousers made of denim (= a type of strong cotton)"
clothes-details,"cotton",b1,4052,,Y,manual-pin,"a plant grown in warm countries for the soft white hairs around its seeds that are used to make cloth and thread"
clothes-details,"skirt",a1,4220,Y,Y,manual-pin,"a piece of clothing that hangs from the middle part of the body"
clothes-details,"graphic",b2,4569,Y,,manual-pin,"connected with drawings and design, especially in the production of books, magazines, websites, etc."
clothes-details,"shorts",,,,,manual-pin,""
clothes-details,"silk",b2,4981,,,manual-pin,"fine soft thread produced by silkworms"
clothes-details,"sleeve",,4993,,,manual-pin,""
clothes-details,"collar",,5038,,,manual-pin,""
clothes-details,"strap",,,,,manual-pin,""
clothes-details,"hood",,,,,manual-pin,""
clothes-details,"floral",,,,,manual-pin,""
clothes-details,"underwear",b1,,,Y,manual-pin,"clothes that you wear under other clothes and next to the skin"
clothes-details,"nylon",,,,,manual-pin,""
clothes-details,"ribbon",,,,,manual-pin,""
clothes-details,"wool",b1,,,Y,manual-pin,"the soft hair that covers the body of sheep and some other animals"
clothes-details,"lace",,,,,manual-pin,""
clothes-details,"fleece",,,,,manual-pin,""
clothes-details,"zipper",,,,,manual-pin,""
clothes-details,"shoelace",,,,,manual-pin,""
clothes-details,"cuff",,,,,manual-pin,""
clothes-details,"seam",,,,,manual-pin,""
clothes-details,"hem",,,,,manual-pin,""
clothes-details,"wrinkle",,,,,manual-pin,""
clothes-details,"lining",,,,,manual-pin,""
clothes-details,"belt loop",,,,,manual-pin,""
clothes-details,"buckle",,,,,manual-pin,""
clothes-details,"velcro",,,,,manual-pin,""
clothes-details,"stitch",,,,,manual-pin,""
clothes-details,"embroidery",,,,,manual-pin,""
clothes-details,"fringe",,,,,manual-pin,""
clothes-details,"pleat",,,,,manual-pin,""
clothes-details,"ruffle",,,,,manual-pin,""
clothes-details,"sequin",,,,,manual-pin,""
clothes-details,"rhinestone",,,,,manual-pin,""
clothes-details,"undershirt",,,,,manual-pin,""
clothes-details,"tank top",,,,,manual-pin,""
clothes-details,"long sleeve",,,,,manual-pin,""
clothes-details,"sweatshirt",,,,,manual-pin,""
clothes-details,"hoodie",,,,,manual-pin,""
clothes-details,"pullover",,,,,manual-pin,""
clothes-details,"cardigan",,,,,manual-pin,""
clothes-details,"vest",,,,,manual-pin,""
clothes-details,"raincoat",,,,,manual-pin,""
clothes-details,"parka",,,,,manual-pin,""
clothes-details,"windbreaker",,,,,manual-pin,""
clothes-details,"scarf",,,,,manual-pin,""
clothes-details,"beanie",,,,,manual-pin,""
clothes-details,"mittens",,,,,manual-pin,""
clothes-details,"flip-flops",,,,,manual-pin,""
clothes-details,"sandals",,,,,manual-pin,""
clothes-details,"sneakers",,,,,manual-pin,""
clothes-details,"slippers",,,,,manual-pin,""
clothes-details,"pajamas",,,,,manual-pin,""
clothes-details,"robe",,,,,manual-pin,""
clothes-details,"apron",,,,,manual-pin,""
clothes-details,"overalls",,,,,manual-pin,""
clothes-details,"jumpsuit",,,,,manual-pin,""
clothes-details,"leggings",,,,,manual-pin,""
clothes-details,"blouse",,,,,manual-pin,""
clothes-details,"turtleneck",,,,,manual-pin,""
clothes-details,"crewneck",,,,,manual-pin,""
clothes-details,"v-neck",,,,,manual-pin,""
clothes-details,"denim",,,,,manual-pin,""
clothes-details,"polyester",,,,,manual-pin,""
clothes-details,"cashmere",,,,,manual-pin,""
clothes-details,"linen",,,,,manual-pin,""
clothes-details,"spandex",,,,,manual-pin,""
clothes-details,"flannel",,,,,manual-pin,""
clothes-details,"corduroy",,,,,manual-pin,""
clothes-details,"tweed",,,,,manual-pin,""
clothes-details,"plaid",,,,,manual-pin,""
clothes-details,"striped",,,,,manual-pin,""
clothes-details,"checkered",,,,,manual-pin,""
clothes-details,"paisley",,,,,manual-pin,""
clothes-details,"tie-dye",,,,,manual-pin,""
clothes-details,"baggy",,,,,manual-pin,""
clothes-details,"snug",,,,,manual-pin,""
clothes-details,"oversized",,,,,manual-pin,""
clothes-details,"cropped",,,,,manual-pin,""
clothes-details,"high-waisted",,,,,manual-pin,""
clothes-details,"mend",,,,,manual-pin,""
clothes-details,"tailor",,,,,manual-pin,""
clothes-details,"dry-clean",,,,,manual-pin,""
clothes-details,"hand wash",,,,,manual-pin,""
clothes-details,"wear",a1,542,,Y,yle:clothes,"to have something on your body as a piece of clothing, a decoration, etc."
clothes-details,"spot",b1,1287,,Y,yle:clothes,"a small round area that has a different colour or feels different from the surface it is on"
clothes-details,"shoe",a1,1524,,Y,yle:clothes,"one of a pair of objects usually made of leather or plastic that you wear on your feet"
clothes-details,"dress",a1,1641,,Y,yle:clothes,"a piece of clothing that is made in one piece and hangs down to cover the body as far as the legs, sometimes reaching to"
clothes-details,"shirt",a1,1928,,Y,yle:clothes,"a piece of clothing worn on the upper part of the body, made of light cloth, with sleeves and usually with a collar and "
clothes-details,"hat",a1,2028,,Y,yle:clothes,"a piece of clothing made to fit the head, often with a brim (= a flat edge that sticks out), usually worn out of doors"
clothes-details,"coat",a1,2580,,Y,yle:clothes,"a piece of outdoor clothing that is worn over other clothes to keep warm or dry. Coats have sleeves (= parts covering th"
clothes-details,"belt",a2,2683,,Y,yle:clothes,"a long narrow piece of leather, cloth, etc. that you wear around the middle part of your body"
clothes-details,"glove",b1,3527,,Y,yle:clothes,"a piece of clothing for the hand, made of wool, leather, etc. with separate parts for each finger and the thumb"
clothes-details,"costume",b1,3758,,Y,yle:clothes,"the clothes worn by people from a particular place or during a particular historical period"
clothes-details,"t-shirt",a1,3914,,Y,yle:clothes,"an informal shirt, usually with short sleeves (= arms) no collar or buttons, or just a few buttons at the top"
clothes-details,"pants",a2,,,Y,yle:clothes,"underpants or knickers"
clothes-details,"sock",a2,4505,,Y,yle:clothes,"a piece of clothing that is worn over the foot, ankle and lower part of the leg, especially inside a shoe"
clothes-details,"sweater",a1,,,Y,yle:clothes,"a piece of clothing for the upper part of the body, made of wool or cotton, with long sleeves"
clothes-details,"crown",c1,4026,,,yle:clothes,"an object in the shape of a circle, usually made of gold and precious stones, that a king or queen wears on his or her h"
clothes-details,"glasses",,,,,yle:clothes,""
clothes-details,"bracelet",,,,,yle:clothes,""
clothes-details,"sunglasses",,,,,yle:clothes,""
clothes-details,"necklace",,,,,yle:clothes,""
clothes-details,"swimsuit",,,,,yle:clothes,""
clothes-details,"spotted",,,,,yle:clothes,""
clothes-details,"stripe",,,,,yle:clothes,""
body-actions,"march",a1,1115,,Y,manual-pin,"the 3rd month of the year, between February and April"
body-actions,"wave",a2,1595,Y,Y,manual-pin,"a raised line of water that moves across the surface of the sea, ocean, etc."
body-actions,"lip",b1,1861,,Y,manual-pin,"either of the two soft edges at the opening to the mouth"
body-actions,"lean",b2,1862,,Y,manual-pin,"to bend or move from a straight position to a sloping position "
body-actions,"nod",c1,1996,,Y,manual-pin,"if you nod, nod your head or your head nods, you move your head up and down to show agreement, understanding, etc."
body-actions,"stretch",b2,2333,,,manual-pin,"an area of land or water, especially a long one"
body-actions,"palm",b2,2693,,Y,manual-pin,"a straight tree with a mass of long leaves at the top, growing in tropical countries. There are several types of palm tr"
body-actions,"tongue",b1,3022,,Y,manual-pin,"the soft part in the mouth that moves around, used for tasting, swallowing, speaking, etc."
body-actions,"hip",b2,3026,,Y,manual-pin,"the area at either side of the body between the top of the leg and the middle part of the body; the joint at the top of "
body-actions,"heel",b2,3408,,Y,manual-pin,"the back part of the foot below the ankle"
body-actions,"wander",b2,3572,,,manual-pin,"to walk slowly around or to a place, often without any particular sense of purpose or direction"
body-actions,"temple",b2,3670,,,manual-pin,"a building used for religious worship, especially in religions other than Christianity"
body-actions,"shrug",c1,3846,,,manual-pin,"to raise your shoulders and then drop them to show that you do not know or care about something"
body-actions,"wrist",b2,4107,,,manual-pin,"the joint between the hand and the arm"
body-actions,"crawl",c1,4165,,,manual-pin,"to move forward on your hands and knees or with your body close to the ground"
body-actions,"elbow",b2,4241,,,manual-pin,"the joint between the upper and lower parts of the arm where it bends in the middle"
body-actions,"sweat",,4252,,,manual-pin,""
body-actions,"ankle",a2,4303,,Y,manual-pin,"the joint connecting the foot to the leg; the narrow part of the leg just above the ankle joint"
body-actions,"chin",,4428,,,manual-pin,""
body-actions,"forehead",,4447,,,manual-pin,""
body-actions,"jaw",,4513,,,manual-pin,""
body-actions,"sole",c1,4638,,,manual-pin,"only; single"
body-actions,"gasp",,4716,,,manual-pin,""
body-actions,"spit",,4802,,,manual-pin,""
body-actions,"thigh",,5023,,,manual-pin,""
body-actions,"eyebrow",,5029,,,manual-pin,""
body-actions,"sprint",,,,,manual-pin,""
body-actions,"spine",c1,,,,manual-pin,"the row of small bones that are connected together down the middle of the back"
body-actions,"blink",,,,,manual-pin,""
body-actions,"yawn",,,,,manual-pin,""
body-actions,"sneeze",,,,,manual-pin,""
body-actions,"cough",,,,,manual-pin,""
body-actions,"shiver",,,,,manual-pin,""
body-actions,"limp",,,,,manual-pin,""
body-actions,"itch",,,,,manual-pin,""
body-actions,"numb",,,,,manual-pin,""
body-actions,"dizzy",,,,,manual-pin,""
body-actions,"sore",,,,,manual-pin,""
body-actions,"sniff",,,,,manual-pin,""
body-actions,"frown",,,,,manual-pin,""
body-actions,"flinch",,,,,manual-pin,""
body-actions,"wince",,,,,manual-pin,""
body-actions,"twitch",,,,,manual-pin,""
body-actions,"hiccup",,,,,manual-pin,""
body-actions,"burp",,,,,manual-pin,""
body-actions,"belch",,,,,manual-pin,""
body-actions,"gag",,,,,manual-pin,""
body-actions,"choke",,,,,manual-pin,""
body-actions,"cramp",,,Y,,manual-pin,""
body-actions,"bruise",,,,,manual-pin,""
body-actions,"scab",,,,,manual-pin,""
body-actions,"blister",,,,,manual-pin,""
body-actions,"rash",,,,,manual-pin,""
body-actions,"wheeze",,,,,manual-pin,""
body-actions,"snore",,,,,manual-pin,""
body-actions,"drool",,,,,manual-pin,""
body-actions,"grin",c1,,,,manual-pin,"a wide smile"
body-actions,"pout",,,,,manual-pin,""
body-actions,"fingernail",,,,,manual-pin,""
body-actions,"toenail",,,,,manual-pin,""
body-actions,"eyelash",,,,,manual-pin,""
body-actions,"eyelid",,,,,manual-pin,""
body-actions,"gums",,,,,manual-pin,""
body-actions,"cheekbone",,,,,manual-pin,""
body-actions,"collarbone",,,,,manual-pin,""
body-actions,"ribs",,,,,manual-pin,""
body-actions,"calf",,,,,manual-pin,""
body-actions,"kneecap",,,,,manual-pin,""
body-actions,"shin",,,,,manual-pin,""
body-actions,"knuckle",,,,,manual-pin,""
body-actions,"earlobe",,,,,manual-pin,""
body-actions,"nostril",,,,,manual-pin,""
body-actions,"eardrum",,,,,manual-pin,""
body-actions,"eyeball",,,,,manual-pin,""
body-actions,"pinky",,,,,manual-pin,""
body-actions,"index finger",,,,,manual-pin,""
body-actions,"middle finger",,,,,manual-pin,""
body-actions,"ring finger",,,,,manual-pin,""
body-actions,"flex",,,,,manual-pin,""
body-actions,"crouch",,,,,manual-pin,""
body-actions,"kneel",,,,,manual-pin,""
body-actions,"slouch",,,,,manual-pin,""
body-actions,"tiptoe",,,,,manual-pin,""
body-actions,"tumble",,,,,manual-pin,""
body-actions,"jog",,,,,manual-pin,""
body-actions,"stroll",,,,,manual-pin,""
body-actions,"look",a2,81,,Y,imsky:verbs/look,"an act of looking at somebody/something"
body-actions,"back",a2,108,,Y,yle:body_and_face,"located behind or at the back of something"
body-actions,"hand",a1,194,,Y,yle:body_and_face,"the part of the body at the end of the arm, including the fingers and thumb"
body-actions,"head",a1,278,,Y,yle:body_and_face,"the part of the body on top of the neck containing the eyes, nose, mouth and brain"
body-actions,"eye",a1,283,,Y,yle:body_and_face,"either of the two organs on the face that you see with"
body-actions,"sit",a1,318,,Y,imsky:verbs/movement,"to rest your weight on your bottom with your back straight, for example on/in a chair"
body-actions,"body",a1,348,Y,Y,yle:body_and_face,"the whole physical structure of a human or an animal"
body-actions,"stay",a2,361,,Y,imsky:verbs/movement,"a period of staying; a visit"
body-actions,"face",a1,369,Y,Y,yle:body_and_face,"the front part of the head, where the eyes, nose and mouth are "
body-actions,"walk",a1,384,,Y,imsky:verbs/movement,"a journey on foot, usually for pleasure or exercise"
body-actions,"foot",a1,458,,Y,yle:body_and_face,"the lowest part of the leg, below the ankle, on which a person or an animal stands"
body-actions,"view",a2,528,,Y,imsky:verbs/look,"what you can see from a particular place or position, especially beautiful countryside"
body-actions,"arm",a1,601,,Y,yle:body_and_face,"either of the two long parts that stick out from the top of the body and connect the shoulders to the hands"
body-actions,"hair",a1,673,,Y,yle:body_and_face,"the substance that looks like a mass of fine threads growing on a person's head"
body-actions,"race",a2,730,,Y,imsky:verbs/movement,"a competition between people, animals, vehicles, etc. to see which one is the faster or fastest"
body-actions,"rock",a2,963,,Y,imsky:verbs/movement,"the hard solid material that forms part of the surface of the earth and some other planets"
body-actions,"smile",a2,1308,,Y,yle:body_and_face,"the expression that you have on your face when you are happy or you think something is funny, in which the corners of yo"
body-actions,"jump",a2,1365,,Y,imsky:verbs/movement,"an act of jumping"
body-actions,"speed",a2,1505,Y,Y,imsky:verbs/movement,"the rate at which somebody/something moves or travels"
body-actions,"ear",a1,1569,,Y,yle:body_and_face,"either of the organs on the sides of the head that you hear with"
body-actions,"knee",a2,1781,,Y,yle:body_and_face,"the joint between the top and bottom parts of the leg where it bends in the middle"
body-actions,"tooth",a1,1933,,Y,yle:body_and_face,"any of the hard white structures in the mouth used for biting food"
body-actions,"nose",a1,1972,,Y,yle:body_and_face,"the part of the face that sticks out above the mouth, used for breathing and smelling things"
body-actions,"stomach",a2,2728,,Y,yle:body_and_face,"the organ inside the body where food goes when you eat it"
body-actions,"glance",c1,2947,Y,,imsky:verbs/look,"a quick look"
body-actions,"glimpse",c1,,Y,,imsky:verbs/look,"a sight of somebody/something for a very short time, when you do not see the person or thing completely"
body-actions,"gallop",,,Y,,imsky:verbs/movement,""
body-actions,"ramble",,,Y,,imsky:verbs/movement,""
body-actions,"stand",b2,329,,,imsky:verbs/movement,"an attitude towards something or an opinion that you make clear to people"
body-actions,"stare",b2,1449,,,imsky:verbs/look,"to look at somebody/something for a long time"
body-actions,"rush",b2,2282,,,imsky:verbs/movement,"a sudden strong movement or action"
body-actions,"spin",c1,2897,,,imsky:verbs/movement,"a very fast turning movement"
body-actions,"hurry",b1,2937,,,imsky:verbs/movement,"the need or wish to get something done quickly"
body-actions,"toe",b1,3632,,,yle:body_and_face,"one of the five small parts that stick out from the foot; any similar part on the foot of an animal or bird"
body-actions,"skip",c1,3737,,,imsky:verbs/movement,"to move forwards lightly and quickly making a little jump with each step"
body-actions,"scan",b1,4211,,,imsky:verbs/look,"to look quickly but not very carefully at a document, etc."
body-actions,"hop",,,,,imsky:verbs/movement,""
body-actions,"dash",,,,,imsky:verbs/movement,""
body-actions,"glare",,,,,imsky:verbs/look,""
body-actions,"leer",,,,,imsky:verbs/look,""
body-actions,"peek",,,,,imsky:verbs/look,""
body-actions,"peep",,,,,imsky:verbs/look,""
body-actions,"squint",,,,,imsky:verbs/look,""
body-actions,"amble",,,,,imsky:verbs/movement,""
precise-actions,"drop",b1,723,,Y,manual-pin,"a very small amount of liquid that forms a round shape"
precise-actions,"fill",a1,777,,Y,manual-pin,"to make something full of something; to become full of something"
precise-actions,"sort",a2,837,,Y,manual-pin,"a group or type of people or things that are similar in a particular way"
precise-actions,"shake",b1,1131,,Y,manual-pin,"an act of shaking somebody/something"
precise-actions,"shut",a2,1134,,Y,manual-pin,"not open"
precise-actions,"grab",b2,1493,,Y,manual-pin,"to take or hold somebody/something with your hand suddenly or roughly"
precise-actions,"spread",b2,1587,,,manual-pin,"an increase in the amount or number of something that there is, or in the area that is affected by something"
precise-actions,"kick",b1,1591,,Y,manual-pin,"a movement with the foot or the leg, usually to hit something with the foot"
precise-actions,"tie",a2,1654,,,manual-pin,"a long, narrow piece of cloth worn around the neck, especially by men, with a knot in front"
precise-actions,"lift",a2,1681,,Y,manual-pin,"a machine that carries people or goods up and down to different levels in a building or a mine"
precise-actions,"empty",a2,1832,,Y,manual-pin,"with no people or things inside"
precise-actions,"knock",b1,2005,,Y,manual-pin,"the sound of somebody hitting a door, window, etc. with their hand or with something hard to attract attention"
precise-actions,"tear",b2,2059,,Y,manual-pin,"a hole that has been made in something by tearing"
precise-actions,"click",b1,2177,,Y,manual-pin,"the act of pressing the button on a computer mouse or touchpad"
precise-actions,"button",a2,2317,,Y,manual-pin,"a small round piece of metal, plastic, etc. that is sewn onto a piece of clothing and used for fastening two parts toget"
precise-actions,"pour",b1,2319,,Y,manual-pin,"to make a liquid or other substance flow from a container in a continuous stream, especially by holding the container at"
precise-actions,"pack",b1,2368,,Y,manual-pin,"a container, usually made of paper, that holds a number of the same thing or an amount of something, ready to be sold"
precise-actions,"stir",c1,2411,Y,Y,manual-pin,"to move a liquid or substance around, using a spoon or something similar, in order to mix it completely"
precise-actions,"load",b2,2419,,Y,manual-pin,"something that is being carried (usually in large amounts) by a person, vehicle, etc."
precise-actions,"bend",b1,2615,,Y,manual-pin,"a curve or turn, especially in a road or river"
precise-actions,"toss",c1,2685,,Y,manual-pin,"to throw something lightly or carelessly"
precise-actions,"snap",c1,2866,,Y,manual-pin,"to break something suddenly with a sharp noise; to be broken in this way"
precise-actions,"tap",b2,3052,,Y,manual-pin,"a device for controlling the flow of water from a pipe into a bath or sink"
precise-actions,"plug",c1,,,,manual-pin,"a small plastic object with two or three metal pins that connects a piece of electrical equipment to the main supply of "
precise-actions,"rub",b2,3291,,Y,manual-pin,"to move your hand, a cloth, etc., backwards and forwards over a surface while pressing it"
precise-actions,"thread",c1,3301,,,manual-pin,"a thin string of cotton, wool, silk, etc. used for sewing or making cloth"
precise-actions,"squeeze",c1,3391,,Y,manual-pin,"to press something, especially with your fingers"
precise-actions,"crack",b2,3406,,Y,manual-pin,"a line on the surface of something where it has broken but not split into separate parts"
precise-actions,"rip",c1,3422,,Y,manual-pin,"to tear something or to become torn, often suddenly or violently"
precise-actions,"dump",b2,3545,,,manual-pin,"to get rid of something you do not want, especially in a place that is not suitable"
precise-actions,"flip",,3723,,,manual-pin,""
precise-actions,"slice",b1,3862,,Y,manual-pin,"a thin flat piece of bread, meat, cheese, etc. that has been cut off a larger piece; a piece of cake that has been cut f"
precise-actions,"strain",c1,3902,,,manual-pin,"pressure on a system or relationship because great demands are being placed on it"
precise-actions,"spill",b2,3934,,,manual-pin,"to flow over the edge of a container by accident; to make liquid do this"
precise-actions,"twist",c1,4113,,,manual-pin,"the action of turning something with your hand, or of turning a part of your body"
precise-actions,"fold",b2,4131,Y,,manual-pin,"a part of something, especially cloth, that is folded or hangs as if it had been folded"
precise-actions,"crush",c1,4347,,,manual-pin,"to press something so hard that it is damaged or injured, or loses its shape"
precise-actions,"shove",,4441,,,manual-pin,""
precise-actions,"pat",,,,,manual-pin,""
precise-actions,"unfold",b2,4833,,,manual-pin,"to spread open or flat something that has previously been folded; to become open and flat"
precise-actions,"polish",,,Y,,manual-pin,""
precise-actions,"chop",b2,4836,,,manual-pin,"to cut something into pieces with a sharp tool such as a knife"
precise-actions,"scratch",b2,4854,,,manual-pin,"a mark, a cut or an injury made by scratching somebody’s skin or the surface of something"
precise-actions,"peel",,4924,,,manual-pin,""
precise-actions,"stack",,4932,,,manual-pin,""
precise-actions,"lace",,,,,manual-pin,""
precise-actions,"poke",,,,,manual-pin,""
precise-actions,"pinch",,,,,manual-pin,""
precise-actions,"scrape",,,,,manual-pin,""
precise-actions,"tug",,,,,manual-pin,""
precise-actions,"wring",,,,,manual-pin,""
precise-actions,"unplug",,,,,manual-pin,""
precise-actions,"sprinkle",,,,,manual-pin,""
precise-actions,"whisk",,,,,manual-pin,""
precise-actions,"mash",,,,,manual-pin,""
precise-actions,"grind",c1,,,,manual-pin,"to break or press something into very small pieces between two hard surfaces or using a special machine"
precise-actions,"wiggle",,,,,manual-pin,""
precise-actions,"jiggle",,,,,manual-pin,""
precise-actions,"rinse off",,,,,manual-pin,""
precise-actions,"scoop",,,,,manual-pin,""
precise-actions,"unload",,,,,manual-pin,""
precise-actions,"unpack",,,,,manual-pin,""
precise-actions,"flatten",,,,,manual-pin,""
precise-actions,"crumple",,,,,manual-pin,""
precise-actions,"shred",,,,,manual-pin,""
precise-actions,"tighten",c1,,,,manual-pin,"to hold or fix something more securely in position; to make something or become more difficult to move, open or separate"
precise-actions,"loosen",,,,,manual-pin,""
precise-actions,"puncture",,,,,manual-pin,""
precise-actions,"pry",,,,,manual-pin,""
precise-actions,"wedge",,,,,manual-pin,""
precise-actions,"unthread",,,,,manual-pin,""
precise-actions,"untie",,,,,manual-pin,""
precise-actions,"knot",,,,,manual-pin,""
precise-actions,"unlace",,,,,manual-pin,""
precise-actions,"buckle",,,,,manual-pin,""
precise-actions,"unbuckle",,,,,manual-pin,""
precise-actions,"zip",,,,,manual-pin,""
precise-actions,"unzip",,,,,manual-pin,""
precise-actions,"unbutton",,,,,manual-pin,""
precise-actions,"fasten",b1,,,,manual-pin,"to close or join together the two parts of something; to become closed or joined together"
precise-actions,"unfasten",,,,,manual-pin,""
precise-actions,"screw in",,,,,manual-pin,""
precise-actions,"unscrew",,,,,manual-pin,""
precise-actions,"hammer in",,,,,manual-pin,""
precise-actions,"pry off",,,,,manual-pin,""
precise-actions,"pop open",,,,,manual-pin,""
precise-actions,"wedge in",,,,,manual-pin,""
precise-actions,"smear",,,,,manual-pin,""
precise-actions,"dab",,,,,manual-pin,""
precise-actions,"pat down",,,,,manual-pin,""
precise-actions,"wipe down",,,,,manual-pin,""
precise-actions,"rub off",,,,,manual-pin,""
precise-actions,"shovel",,,,,manual-pin,""
precise-actions,"sweep up",,,,,manual-pin,""
precise-actions,"mop up",,,,,manual-pin,""
precise-actions,"sponge off",,,,,manual-pin,""
precise-actions,"swab",,,,,manual-pin,""
precise-actions,"sift",,,,,manual-pin,""
precise-actions,"put",a1,153,,Y,imsky:verbs/manipulation,"to move something into a particular place or position"
precise-actions,"place",a1,186,Y,Y,imsky:verbs/manipulation,"a particular position, point or area"
precise-actions,"group",a1,199,,Y,imsky:verbs/collection,"a number of people or things that are together in the same place or that are connected in some way"
precise-actions,"begin",a1,232,,Y,imsky:verbs/creation,"to start doing something; to do the first part of something"
precise-actions,"create",a1,319,,Y,imsky:verbs/creation,"to make something happen or exist"
precise-actions,"add",a1,362,Y,Y,imsky:verbs/manipulation,"to put something together with something else so as to increase the size, number, amount, etc."
precise-actions,"late",a1,401,,Y,imsky:adjectives/speed,"arriving, happening or done after the expected, arranged or usual time"
precise-actions,"build",a1,425,,Y,imsky:verbs/creation,"to make something, especially a building, by putting parts together"
precise-actions,"break",a1,450,,Y,imsky:verbs/destruction,"a short period of time when you stop what you are doing and rest, eat, etc."
precise-actions,"order",a1,686,Y,Y,imsky:verbs/manipulation,"the way in which people or things are placed or arranged in relation to each other"
precise-actions,"draw",a1,721,,Y,imsky:verbs/collection,"to make pictures, or a picture of something, with a pencil, pen or chalk (but not paint)"
precise-actions,"file",b1,1359,,Y,imsky:verbs/manipulation,"a box or folded piece of card for keeping loose papers together and in order"
precise-actions,"base",b1,491,Y,,imsky:verbs/creation,"the lowest part of something, especially the part or surface on which it rests or stands"
precise-actions,"expand",b1,1745,Y,,imsky:verbs/creation,"to become greater in size, number or importance; to make something greater in size, number or importance"
precise-actions,"mass",b2,2113,Y,,imsky:verbs/collection,"affecting or involving a large number of people or things"
precise-actions,"separate",a2,2119,Y,,imsky:verbs/manipulation,"forming a unit by itself; not joined to something else"
precise-actions,"immediate",b1,2438,Y,,imsky:adjectives/speed,"happening or done without delay"
precise-actions,"explode",b1,3475,Y,,imsky:verbs/destruction,"to burst (= break apart) or make something burst loudly and violently, causing damage"
precise-actions,"assemble",c1,4152,Y,,imsky:verbs/collection,"to come together as a group; to bring people or things together as a group"
precise-actions,"modify",b2,4157,Y,,imsky:verbs/manipulation,"to change something slightly, especially in order to make it more suitable for a particular purpose"
precise-actions,"instant",b2,4908,Y,,imsky:adjectives/speed,"happening immediately"
precise-actions,"agile",,,Y,,imsky:adjectives/speed,""
precise-actions,"nimble",,,Y,,imsky:adjectives/speed,""
precise-actions,"sluggish",,,Y,,imsky:adjectives/speed,""
precise-actions,"amass",,,Y,,imsky:verbs/collection,""
precise-actions,"cull",,,Y,,imsky:verbs/collection,""
precise-actions,"hoard",,,Y,,imsky:verbs/collection,""
precise-actions,"multiply",b2,,Y,,imsky:verbs/creation,"to add a number to itself a particular number of times"
precise-actions,"demolish",,,Y,,imsky:verbs/destruction,""
precise-actions,"detonate",,,Y,,imsky:verbs/destruction,""
precise-actions,"shatter",c1,,Y,,imsky:verbs/destruction,"to suddenly break into small pieces; to make something suddenly break into small pieces"
precise-actions,"compress",,,Y,,imsky:verbs/manipulation,""
school-life,"report",a1,477,,Y,manual-pin,"a written or spoken account of an event, especially one that is published or broadcast"
school-life,"project",a1,544,,Y,manual-pin,"a piece of work involving careful study of a subject over a period of time, done by school or college students"
school-life,"final",a1,908,,Y,manual-pin,"being or happening at the end of a series of events, actions, statements, etc."
school-life,"club",a1,958,,Y,manual-pin,"an organization for people who share an interest or do a sport or activity together"
school-life,"credit",a2,1004,,Y,manual-pin,"an arrangement that you make, with a shop for example, to pay later for something you buy"
school-life,"library",a1,1331,,Y,manual-pin,"a building in which collections of books, newspapers, etc. and sometimes films and recorded music are kept for people to"
school-life,"quarter",a1,1529,,,manual-pin,"one of four equal parts of something"
school-life,"novel",a2,1646,Y,Y,manual-pin,"a story long enough to fill a complete book, in which the characters and events are usually imaginary"
school-life,"classroom",a1,1693,,Y,manual-pin,"a room where a class of children or students is taught"
school-life,"circle",a2,1803,Y,Y,manual-pin,"a completely round flat shape"
school-life,"experiment",a2,2011,Y,Y,manual-pin,"a scientific test that is done in order to study what happens and to gain new knowledge"
school-life,"paperback",,,,,manual-pin,""
school-life,"lab",a2,2191,,Y,manual-pin,"a laboratory"
school-life,"submit",b2,2565,Y,Y,manual-pin,"to give a document, proposal, etc. to somebody in authority so that they can study or consider it"
school-life,"essay",a2,2676,,Y,manual-pin,"a short piece of writing by a student as part of a course of study"
school-life,"recommendation",b1,2738,,,manual-pin,"an official suggestion about the best thing to do"
school-life,"presentation",b1,2887,,Y,manual-pin,"a meeting at which something, especially a new product or idea, or piece of work, is shown to a group of people"
school-life,"highlight",b1,2983,Y,Y,manual-pin,"the best, most interesting or most exciting part of something"
school-life,"advisor",,,,,manual-pin,""
school-life,"hardcover",,,,,manual-pin,""
school-life,"assignment",b1,3275,,Y,manual-pin,"a task or piece of work that somebody is given to do, usually as part of their job or studies"
school-life,"notebook",b2,,,,manual-pin,"a small book of plain paper for writing notes in"
school-life,"counselor",,3372,Y,Y,manual-pin,""
school-life,"scholarship",b2,3446,,,manual-pin,"an amount of money given to somebody by an organization to help pay for their education"
school-life,"principal",b2,3482,Y,Y,manual-pin,"most important; main"
school-life,"calculator",,,,,manual-pin,""
school-life,"gym",a1,3820,,Y,manual-pin,"a room or hall with equipment for doing physical exercise, for example in a school"
school-life,"folder",,,,,manual-pin,""
school-life,"hallway",,4161,,,manual-pin,""
school-life,"exam",a1,4171,,,manual-pin,"a formal written, spoken or practical test, especially at school or college, to see how much you know about a subject, o"
school-life,"semester",,,,,manual-pin,""
school-life,"mentor",c1,4519,,,manual-pin,"an experienced person who advises and helps somebody with less experience over a period of time"
school-life,"marker",b2,4669,,,manual-pin,"an object or a sign that shows the position of something"
school-life,"locker",,4923,,,manual-pin,""
school-life,"attendance",c1,4975,,,manual-pin,"the act of being present at a place, for example at school"
school-life,"graduation",,5001,,,manual-pin,""
school-life,"textbook",b2,5040,,,manual-pin,"a book that teaches a particular subject and that is used especially in schools and colleges"
school-life,"quiz",,,,,manual-pin,""
school-life,"bibliography",,,Y,,manual-pin,""
school-life,"planner",,,,,manual-pin,""
school-life,"thesis",b2,,Y,,manual-pin,"a long piece of writing completed by a student as part of a university degree, based on their own research"
school-life,"substitute",c1,,,,manual-pin,"a person or thing that you use or have instead of the one you normally use or have"
school-life,"citation",,,,,manual-pin,""
school-life,"absent",c1,,,,manual-pin,"not in a place because of illness, etc."
school-life,"transcript",c1,,Y,,manual-pin,"a written or printed copy of words that have been spoken"
school-life,"diploma",,,,,manual-pin,""
school-life,"honors",,,,,manual-pin,""
school-life,"prerequisite",,,,,manual-pin,""
school-life,"binder",,,,,manual-pin,""
school-life,"worksheet",,,,,manual-pin,""
school-life,"handout",,,,,manual-pin,""
school-life,"rubric",,,,,manual-pin,""
school-life,"syllabus",,,Y,,manual-pin,""
school-life,"cafeteria",,,,,manual-pin,""
school-life,"auditorium",,,,,manual-pin,""
school-life,"janitor",,,,,manual-pin,""
school-life,"ta",,,,,manual-pin,""
school-life,"tutor",,,,,manual-pin,""
school-life,"glue stick",,,,,manual-pin,""
school-life,"highlighter",,,,,manual-pin,""
school-life,"eraser",,,,,manual-pin,""
school-life,"sharpener",,,,,manual-pin,""
school-life,"clipboard",,,,,manual-pin,""
school-life,"stapler",,,,,manual-pin,""
school-life,"ruler",,,,,manual-pin,""
school-life,"compass",,,,,manual-pin,""
school-life,"protractor",,,,,manual-pin,""
school-life,"workbook",,,,,manual-pin,""
school-life,"pencil case",,,,,manual-pin,""
school-life,"backpack",,,,,manual-pin,""
school-life,"lunchbox",,,,,manual-pin,""
school-life,"water bottle",,,,,manual-pin,""
school-life,"midterm",,,,,manual-pin,""
school-life,"lab report",,,,,manual-pin,""
school-life,"field trip",,,,,manual-pin,""
school-life,"recess",,,,,manual-pin,""
school-life,"detention",c1,,,,manual-pin,"the state of being kept in a place, especially a prison, and prevented from leaving"
school-life,"underline",,,,,manual-pin,""
school-life,"cross out",,,,,manual-pin,""
school-life,"fill in",,,,,manual-pin,""
school-life,"hand in",,,,,manual-pin,""
school-life,"tardy",,,,,manual-pin,""
school-life,"permission slip",,,,,manual-pin,""
school-life,"paperclip",,,,,manual-pin,""
school-life,"gpa",,,,,manual-pin,""
school-life,"honor roll",,,,,manual-pin,""
school-life,"valedictorian",,,,,manual-pin,""
school-life,"salutatorian",,,,,manual-pin,""
school-life,"commencement",,,Y,,manual-pin,""
school-life,"prom",,,,,manual-pin,""
school-life,"homecoming",,,,,manual-pin,""
school-life,"pep rally",,,,,manual-pin,""
school-life,"spirit week",,,,,manual-pin,""
school-life,"extracurricular",,,,,manual-pin,""
school-life,"varsity",,,,,manual-pin,""
school-life,"jv",,,,,manual-pin,""
school-life,"tryout",,,,,manual-pin,""
school-life,"ap class",,,,,manual-pin,""
school-life,"ib",,,,,manual-pin,""
school-life,"dual enrollment",,,,,manual-pin,""
school-life,"elective",,,,,manual-pin,""
school-life,"block schedule",,,,,manual-pin,""
school-life,"study hall",,,,,manual-pin,""
school-life,"free period",,,,,manual-pin,""
school-life,"cram",,,,,manual-pin,""
school-life,"plagiarism",,,Y,,manual-pin,""
school-life,"rough draft",,,,,manual-pin,""
school-life,"final draft",,,,,manual-pin,""
school-life,"tell",a1,92,,Y,yle:school,"to give information to somebody by speaking or writing"
school-life,"find",a1,97,,Y,yle:school,"to discover somebody/something unexpectedly or by chance"
school-life,"ask",a1,143,,Y,yle:school,"to say or write something in the form of a question, in order to get information"
school-life,"student",a1,179,,Y,yle:school,"a person who is studying at a university or college"
school-life,"part",a1,183,,Y,yle:school,"some but not all of a thing"
school-life,"question",a1,206,,Y,yle:school,"a sentence, phrase or word that asks for information"
school-life,"write",a1,212,,Y,yle:school,"to make letters or numbers on a surface, especially using a pen or a pencil"
school-life,"book",a1,218,,Y,yle:school,"a set of printed pages that are fastened inside a cover so that you can turn them and read them"
school-life,"word",a1,241,,Y,yle:school,"a single unit of language that means something and can be spoken or written"
school-life,"read",a1,244,,Y,yle:school,"to look at and understand the meaning of written or printed words or symbols"
school-life,"study",a1,259,,Y,yle:school,"the activity of learning or gaining knowledge, either from books or by examining things in the world"
school-life,"understand",a1,277,,Y,yle:school,"to know or realize the meaning of words, a language, what somebody says, etc."
school-life,"line",a1,312,Y,Y,yle:school,"a long, thin mark on a surface"
school-life,"learn",a1,322,,Y,yle:school,"to gain knowledge or skill by studying, from experience, from being taught, etc."
school-life,"open",a1,392,,Y,yle:school,"allowing things or people to go through; not closed or blocked "
school-life,"teacher",a1,416,,Y,yle:school,"a person whose job is teaching, especially in a school"
school-life,"music",a1,436,,Y,yle:school,"sounds that are arranged in a way that is pleasant or exciting to listen to. People sing music or play it on instruments"
school-life,"art",a1,447,,Y,yle:school,"the use of the imagination to express ideas or feelings, particularly in painting, drawing or sculpture "
school-life,"listen",a1,460,,Y,yle:school,"to pay attention to somebody/something that you can hear"
school-life,"science",a1,565,,Y,yle:school,"knowledge about the structure and behaviour of the natural and physical world, based on facts that you can prove, for ex"
school-life,"teach",a1,567,,Y,yle:school,"to give lessons to students in a school, college, university, etc.; to help somebody learn something by giving informati"
school-life,"page",a1,624,,Y,yle:school,"one side or both sides of a sheet of paper in a book, magazine, etc."
street-city,"park",a1,719,,Y,manual-pin,"an area of public land in a town or a city where people go to walk, play and relax"
street-city,"sign",a2,858,,Y,manual-pin,"an event, an action, a fact, etc. that shows that something exists, is happening or may happen in the future"
street-city,"district",b2,885,,,manual-pin,"an area of a country or town, especially one that has particular features"
street-city,"station",a1,978,,Y,manual-pin,"a place where trains stop so that passengers can get on and off; the buildings connected with this"
street-city,"address",a1,1030,,Y,manual-pin,"details of where somebody lives or works and where letters, etc. can be sent"
street-city,"shoulder",a2,1239,,Y,manual-pin,"either of the two parts of the body between the top of each arm and the neck"
street-city,"driver",a1,1292,,Y,manual-pin,"a person who drives a vehicle"
street-city,"block",b1,1311,,,manual-pin,"a large piece of a solid material that is square or rectangular in shape and usually has flat sides"
street-city,"neighborhood",,1316,,,manual-pin,""
street-city,"bridge",a2,1847,Y,Y,manual-pin,"a structure that is built over a road, railway, river, etc. so that people, vehicles, etc. can cross from one side to th"
street-city,"signal",b1,2125,,Y,manual-pin,"a movement or sound that you make to give somebody information, instructions, a warning, etc."
street-city,"platform",a2,2180,,Y,manual-pin,"the raised flat area next to the track at a train station where you get on or off the train"
street-city,"gate",a2,2283,,Y,manual-pin,"a barrier like a door that is used to close an opening in a fence or a wall outside a building"
street-city,"highway",b2,2390,,Y,manual-pin,"a main road for travelling long distances, especially one connecting and going through cities and towns"
street-city,"square",a2,2417,Y,Y,manual-pin,"having four straight equal sides and four angles of 90°"
street-city,"avenue",,2483,,,manual-pin,""
street-city,"gallery",a2,2648,,Y,manual-pin,"a room or building for showing works of art, especially to the public"
street-city,"lane",b2,2769,,Y,manual-pin,"a narrow road in the country"
street-city,"barrier",b2,2872,,Y,manual-pin,"an object like a fence that prevents people from moving forward from one place to another"
street-city,"yield",c1,3198,,Y,manual-pin,"the total amount of crops, profits, etc. that are produced"
street-city,"mall",b1,3469,,Y,manual-pin,"a large building or covered area that has many shops, restaurants, etc. inside it"
street-city,"terminal",c1,,Y,,manual-pin,"that cannot be cured and will lead to death, often slowly"
street-city,"downtown",b2,3552,,,manual-pin,"in, towards or typical of the centre of a city, especially its main business area"
street-city,"tunnel",b2,3600,,,manual-pin,"a passage built underground, for example to allow a road or railway to go through a hill, under a river, etc."
street-city,"metro",,,,,manual-pin,""
street-city,"exit",b2,3983,,,manual-pin,"a way out of a public building or vehicle"
street-city,"sidewalk",,4300,,,manual-pin,""
street-city,"suburb",b2,4317,,,manual-pin,"an area where people live that is outside the centre of a city"
street-city,"arcade",,,Y,,manual-pin,""
street-city,"plaza",,,,,manual-pin,""
street-city,"alley",,4748,Y,,manual-pin,""
street-city,"toll",c1,4994,Y,,manual-pin,"money that you pay to use a particular road or bridge"
street-city,"median",,,Y,,manual-pin,""
street-city,"taxi",a1,,,Y,manual-pin,"a car with a driver that you pay to take you somewhere. Taxis usually have meters that show how much money you have to p"
street-city,"boulevard",,,,,manual-pin,""
street-city,"intersection",,,,,manual-pin,""
street-city,"merge",c1,,,,manual-pin,"to combine or make two or more things combine to form a single thing"
street-city,"fare",b2,,,,manual-pin,"the money that you pay to travel by bus, plane, taxi, etc."
street-city,"curb",,,,,manual-pin,""
street-city,"crosswalk",,,,,manual-pin,""
street-city,"pothole",,,,,manual-pin,""
street-city,"traffic light",,,,,manual-pin,""
street-city,"stop sign",,,,,manual-pin,""
street-city,"roundabout",,,,,manual-pin,""
street-city,"overpass",,,Y,,manual-pin,""
street-city,"underpass",,,,,manual-pin,""
street-city,"freeway",,,,,manual-pin,""
street-city,"ramp",,,,,manual-pin,""
street-city,"parking lot",,,,,manual-pin,""
street-city,"parking meter",,,,,manual-pin,""
street-city,"bus stop",,,,,manual-pin,""
street-city,"bus lane",,,,,manual-pin,""
street-city,"bike lane",,,,,manual-pin,""
street-city,"fire hydrant",,,,,manual-pin,""
street-city,"streetlight",,,,,manual-pin,""
street-city,"lamppost",,,,,manual-pin,""
street-city,"manhole",,,,,manual-pin,""
street-city,"guardrail",,,,,manual-pin,""
street-city,"pedestrian",,,Y,,manual-pin,""
street-city,"cyclist",,,,,manual-pin,""
street-city,"jaywalker",,,,,manual-pin,""
street-city,"commuter",,,,,manual-pin,""
street-city,"rush hour",,,,,manual-pin,""
street-city,"traffic jam",,,,,manual-pin,""
street-city,"pull over",,,,,manual-pin,""
street-city,"detour",,,,,manual-pin,""
street-city,"tow",,,,,manual-pin,""
street-city,"honk",,,,,manual-pin,""
street-city,"speed up",,,,,manual-pin,""
street-city,"tailgate",,,,,manual-pin,""
street-city,"cut off",,,,,manual-pin,""
street-city,"rear-end",,,,,manual-pin,""
street-city,"side swipe",,,,,manual-pin,""
street-city,"fender bender",,,,,manual-pin,""
street-city,"subway",,,,,manual-pin,""
street-city,"tram",,,,,manual-pin,""
street-city,"streetcar",,,,,manual-pin,""
street-city,"rideshare",,,,,manual-pin,""
street-city,"uber",,,,,manual-pin,""
street-city,"lyft",,,,,manual-pin,""
street-city,"transit pass",,,,,manual-pin,""
street-city,"uptown",,,,,manual-pin,""
street-city,"zip code",,,,,manual-pin,""
street-city,"skyscraper",,,,,manual-pin,""
street-city,"high-rise",,,,,manual-pin,""
street-city,"low-rise",,,,,manual-pin,""
street-city,"in",a1,7,,Y,yle:places_and_directions,"into an object, an area or a substance"
street-city,"on",a1,18,,Y,yle:places_and_directions,"on somebody’s body; being worn"
street-city,"go",b1,31,,Y,yle:transport,"a person’s turn to move or play in a game or an activity"
street-city,"there",a1,55,,Y,yle:places_and_directions,"used to show that something exists or happens"
street-city,"here",a1,78,,Y,yle:places_and_directions,"used after a verb or preposition to mean ‘in, at or to this position or place’"
street-city,"over",a1,142,,Y,yle:places_and_directions,"across a street, an open space, etc."
street-city,"between",a2,169,,Y,yle:places_and_directions,"in the space or period of time separating two or more points, objects, etc. or two dates, events, etc."
street-city,"turn",a1,197,,Y,imsky:verbs/driving,"the time when somebody in a group of people should or is allowed to do something"
street-city,"under",a1,253,,Y,yle:places_and_directions,"below something"
street-city,"stop",a1,257,,Y,imsky:verbs/driving,"a place where a bus or train stops regularly for passengers to get on or off"
street-city,"end",a1,303,,Y,yle:places_and_directions,"the final part of a period of time, an event, an activity or a story"
street-city,"car",a1,321,,Y,imsky:nouns/automobiles,"a road vehicle with an engine and four wheels that can carry a small number of passengers"
street-city,"door",a1,385,,Y,imsky:nouns/car_parts,"a piece of wood, glass, etc. that is opened and closed so that people can get in and out of a room, building, car, etc.;"
street-city,"college",a1,435,,Y,yle:places_and_directions,"(in the UK) a place where students go to study or to receive training after they have left school"
street-city,"behind",a1,471,,Y,yle:places_and_directions,"at or towards the back of somebody/something; further back"
street-city,"drive",a2,496,,Y,imsky:nouns/driving,"a journey in a car or other vehicle"
street-city,"light",a1,521,Y,Y,imsky:nouns/car_parts,"pale in colour"
street-city,"road",a1,555,,Y,imsky:nouns/driving,"a hard surface built for vehicles to travel on"
street-city,"building",a1,588,,Y,yle:places_and_directions,"a structure such as a house or school that has a roof and walls"
street-city,"near",a1,862,,Y,yle:places_and_directions,"a short distance away"
street-city,"middle",a2,1039,,Y,yle:places_and_directions,"in a position in the middle of an object, group of objects, people, etc.; between the beginning and the end of something"
street-city,"above",a1,1082,,Y,yle:places_and_directions,"at or to a higher place"
street-city,"front",a1,1162,,Y,yle:places_and_directions,"on or at the front of something"
street-city,"ship",a2,1212,,Y,yle:transport,"a large boat that carries people or goods by sea"
street-city,"hill",a2,1278,,Y,imsky:nouns/driving,"an area of land that is higher than the land around it, but not as high as a mountain"
street-city,"corner",a2,1290,,Y,yle:places_and_directions,"a part of something where two or more sides, lines or edges join"
street-city,"truck",a2,1423,,Y,imsky:nouns/automobiles,"a large vehicle for carrying heavy loads by road"
street-city,"farm",a1,1516,,Y,yle:places_and_directions,"an area of land, and the buildings on it, used for growing crops and/or keeping animals"
street-city,"below",a1,1526,,Y,yle:places_and_directions,"at or to a lower level, position or place"
street-city,"bus",a1,1605,,Y,yle:transport,"a large road vehicle that carries passengers, especially one that travels along a fixed route and stops regularly to let"
street-city,"tour",a2,1705,Y,Y,yle:transport,"a journey made for pleasure during which several different towns, countries, etc. are visited"
street-city,"coast",a2,1728,,Y,imsky:verbs/driving,"the land next to or near to the sea or ocean"
street-city,"traffic",a1,1784,,Y,yle:transport,"the vehicles that are on a road at a particular time"
street-city,"cycle",a2,2124,,Y,yle:transport,"a bicycle or motorcycle"
shopping-money,"change",a1,304,,Y,manual-pin,"the act or result of something becoming different"
shopping-money,"spend",a1,353,,Y,manual-pin,"to give money to pay for goods, services, etc."
shopping-money,"tax",b1,444,,Y,manual-pin,"money that you have to pay to the government so that it can pay for public services. People pay tax according to their i"
shopping-money,"return",a1,545,,Y,manual-pin,"the action of arriving in or coming back to a place that you were in before"
shopping-money,"save",a2,600,,Y,manual-pin,"to keep somebody/something safe from death, harm, loss, etc."
shopping-money,"check",a2,623,,Y,manual-pin,"an act of making sure that something is safe, correct or in good condition by examining it"
shopping-money,"bill",a1,761,,Y,manual-pin,"a document that shows how much you owe somebody for goods or services"
shopping-money,"credit",a2,1004,,Y,manual-pin,"an arrangement that you make, with a shop for example, to pay later for something you buy"
shopping-money,"budget",b2,1107,,Y,manual-pin,"the money that is available to a person or an organization and a plan of how it will be spent over a period of time"
shopping-money,"exchange",b1,1649,,Y,manual-pin,"an act of giving something to somebody or doing something for somebody and receiving something in return"
shopping-money,"cash",a2,1665,,Y,manual-pin,"money in the form of coins or notes"
shopping-money,"loan",b2,1672,,,manual-pin,"money that an organization such as a bank lends and somebody borrows"
shopping-money,"cheap",a1,1772,,Y,manual-pin,"costing little money or less money than you expected"
shopping-money,"expensive",a1,1794,,Y,manual-pin,"costing a lot of money"
shopping-money,"tip",a2,1929,,Y,manual-pin,"a small piece of advice about something practical"
shopping-money,"warranty",,,,,manual-pin,""
shopping-money,"owe",b2,2488,,Y,manual-pin,"to have to pay somebody for something that you have already received or return money that you have borrowed"
shopping-money,"subscription",c1,,,,manual-pin,"an amount of money that you pay regularly to receive a service, be a member of a club, support a charity or receive regu"
shopping-money,"split",b2,2912,,Y,manual-pin,"an argument or disagreement that divides a group of people or makes somebody separate from somebody else"
shopping-money,"negotiate",b2,2993,Y,,manual-pin,"to try to reach an agreement by formal discussion"
shopping-money,"generic",c1,,Y,,manual-pin,"shared by, including or typical of a whole group of things; not specific"
shopping-money,"register",b2,3049,,Y,manual-pin,"an official list or record of names, items, etc.; a book that contains such a list"
shopping-money,"borrow",a2,3109,,Y,manual-pin,"to take and use something that belongs to somebody else, and return it to them at a later time"
shopping-money,"withdraw",b2,3361,Y,Y,manual-pin,"to take money out of a bank account"
shopping-money,"clearance",,,,,manual-pin,""
shopping-money,"shelf",b1,3385,,Y,manual-pin,"a flat board, made of wood, metal, glass, etc., fixed to the wall or forming part of a cupboard, bookcase, etc., for thi"
shopping-money,"membership",b2,3449,,Y,manual-pin,"the state of being a member of a group, a club, an organization, etc."
shopping-money,"bargain",b2,,,,manual-pin,"a thing bought for less than the usual price"
shopping-money,"tag",b2,3827,,,manual-pin,"a small piece of paper, cloth, plastic, etc. attached to something to identify it or give information about it"
shopping-money,"lend",a2,3874,,Y,manual-pin,"to give something to somebody or allow them to use something that belongs to you, which they have to return to you later"
shopping-money,"affordable",b2,4017,,,manual-pin,"cheap enough that people can afford to pay it or buy it"
shopping-money,"coin",b1,4191,,Y,manual-pin,"a small flat piece of metal used as money"
shopping-money,"bounce",c1,4193,Y,,manual-pin,"if something bounces or you bounce it, it moves quickly away from a surface it has just hit or you make it do this"
shopping-money,"purse",,4549,,,manual-pin,""
shopping-money,"discount",b1,4665,Y,Y,manual-pin,"an amount of money that is taken off the usual cost of something"
shopping-money,"receipt",b1,,,Y,manual-pin,"a piece of paper or an electronic document that shows that goods or services have been paid for"
shopping-money,"deposit",b2,4839,,,manual-pin,"a sum of money that is given as the first part of a larger payment"
shopping-money,"aisle",,4847,,,manual-pin,""
shopping-money,"refund",,,,,manual-pin,""
shopping-money,"rack",,5017,,,manual-pin,""
shopping-money,"coupon",,,,,manual-pin,""
shopping-money,"authentic",c1,,Y,,manual-pin,"known to be real and what somebody claims it is and not a copy"
shopping-money,"atm",,,,,manual-pin,""
shopping-money,"sticker",,,,,manual-pin,""
shopping-money,"wallet",,,,,manual-pin,""
shopping-money,"cashier",,,,,manual-pin,""
shopping-money,"barcode",,,,,manual-pin,""
shopping-money,"shopping cart",,,,,manual-pin,""
shopping-money,"shopping bag",,,,,manual-pin,""
shopping-money,"tote",,,,,manual-pin,""
shopping-money,"voucher",,,,,manual-pin,""
shopping-money,"gift card",,,,,manual-pin,""
shopping-money,"price tag",,,,,manual-pin,""
shopping-money,"on sale",,,,,manual-pin,""
shopping-money,"sold out",,,,,manual-pin,""
shopping-money,"in stock",,,,,manual-pin,""
shopping-money,"out of stock",,,,,manual-pin,""
shopping-money,"free sample",,,,,manual-pin,""
shopping-money,"self-checkout",,,,,manual-pin,""
shopping-money,"debit",,,,,manual-pin,""
shopping-money,"pay back",,,,,manual-pin,""
shopping-money,"pricey",,,,,manual-pin,""
shopping-money,"overpriced",,,,,manual-pin,""
shopping-money,"worth it",,,,,manual-pin,""
shopping-money,"monthly fee",,,,,manual-pin,""
shopping-money,"annual fee",,,,,manual-pin,""
shopping-money,"auto-pay",,,,,manual-pin,""
shopping-money,"installment",,,,,manual-pin,""
shopping-money,"down payment",,,,,manual-pin,""
shopping-money,"interest rate",,,,,manual-pin,""
shopping-money,"credit score",,,,,manual-pin,""
shopping-money,"debit card",,,,,manual-pin,""
shopping-money,"checking account",,,,,manual-pin,""
shopping-money,"savings account",,,,,manual-pin,""
shopping-money,"overdraft",,,,,manual-pin,""
shopping-money,"venmo",,,,,manual-pin,""
shopping-money,"paypal",,,,,manual-pin,""
shopping-money,"zelle",,,,,manual-pin,""
shopping-money,"cashback",,,,,manual-pin,""
shopping-money,"rewards points",,,,,manual-pin,""
shopping-money,"haggle",,,,,manual-pin,""
shopping-money,"mark down",,,,,manual-pin,""
shopping-money,"sticker shock",,,,,manual-pin,""
shopping-money,"brand name",,,,,manual-pin,""
shopping-money,"knockoff",,,,,manual-pin,""
shopping-money,"counterfeit",,,,,manual-pin,""
shopping-money,"all",a2,43,,Y,imsky:adjectives/quantity,"completely"
shopping-money,"one",a1,60,,Y,imsky:adjectives/quantity,"the number 1"
shopping-money,"some",a1,67,,Y,imsky:adjectives/quantity,"used with uncountable nouns or plural countable nouns to mean ‘an amount of’ or ‘a number of’, when the amount or number"
shopping-money,"other",a1,74,,Y,imsky:adjectives/quantity,"used to refer to people or things that are additional or different to people or things that have been mentioned or are k"
shopping-money,"two",a1,90,,Y,yle:numbers,"2"
shopping-money,"first",a1,94,,Y,yle:numbers,"before anyone or anything else; at the beginning"
shopping-money,"many",a1,113,,Y,imsky:adjectives/quantity,"used with plural nouns and verbs, especially in negative sentences or in more formal English, to mean ‘a large number of"
shopping-money,"three",a1,163,,Y,yle:numbers,"3"
shopping-money,"every",a1,165,,Y,imsky:adjectives/quantity,"used with singular nouns to refer to all the members of a group of things or people"
shopping-money,"another",a1,166,,Y,imsky:adjectives/quantity,"one more; an extra thing or person"
shopping-money,"few",a1,198,,Y,imsky:adjectives/quantity,"used with plural nouns and a plural verb to mean ‘a small number’, ‘some’"
shopping-money,"each",a1,234,,Y,imsky:adjectives/quantity,"used to refer to every one of two or more people or things, when you are thinking about them separately"
shopping-money,"service",a2,295,,Y,imsky:nouns/shopping,"a system that provides something that the public needs, organized by the government or a private company"
shopping-money,"four",a1,311,,Y,yle:numbers,""
shopping-money,"five",a1,365,,Y,yle:numbers,"5"
shopping-money,"several",a2,387,,Y,imsky:adjectives/quantity,"more than two but not very many"
shopping-money,"six",a1,508,,Y,yle:numbers,"6"
shopping-money,"million",a1,516,,Y,yle:numbers,"1 000 000"
shopping-money,"price",a1,529,,Y,imsky:nouns/shopping,"the amount of money that you have to pay for something"
shopping-money,"department",a2,536,,Y,imsky:nouns/shopping,"a section of a large organization such as a government, business, university, etc."
shopping-money,"either",a2,537,,Y,imsky:adjectives/quantity,"used after negative phrases to state that a feeling or situation is similar to one already mentioned"
shopping-money,"product",a1,598,Y,Y,imsky:nouns/shopping,"a thing that is grown, produced or created, usually for sale"
shopping-money,"seven",a1,867,,Y,yle:numbers,"7"
shopping-money,"eight",a1,924,,Y,yle:numbers,""
feelings-social,"reserved",,,Y,,manual-pin,""
feelings-social,"happy",a1,564,,Y,manual-pin,"feeling or showing pleasure; pleased"
feelings-social,"fight",a2,625,,Y,manual-pin,"a struggle against somebody/something using physical force"
feelings-social,"argue",a2,847,,,manual-pin,"to speak angrily to somebody because you disagree with them"
feelings-social,"date",a1,994,,Y,manual-pin,"a particular day of the month, sometimes in a particular year, given in numbers and words"
feelings-social,"amazing",a1,1369,,,manual-pin,"very surprising, especially in a way that you like or admire"
feelings-social,"dating",,,,,manual-pin,""
feelings-social,"sad",a1,1709,,Y,manual-pin,"unhappy or showing unhappiness"
feelings-social,"proud",b1,1729,,,manual-pin,"feeling pleased and satisfied about something that you own or have done, or are connected with"
feelings-social,"angry",a1,1733,,Y,manual-pin,"having strong feelings about something that you dislike very much or about an unfair situation"
feelings-social,"tired",a1,1818,,Y,manual-pin,"feeling that you would like to sleep or rest; needing rest"
feelings-social,"crew",b2,1857,,,manual-pin,"all the people working on a ship, plane, etc."
feelings-social,"tea",a1,1894,,Y,manual-pin,"the dried leaves (called tea leaves) of the tea bush"
feelings-social,"guilty",b1,1966,Y,,manual-pin,"feeling ashamed because you have done something that you know is wrong or have not done something that you should have d"
feelings-social,"bond",b2,2067,Y,,manual-pin,"something that forms a connection between people or groups, such as a feeling of friendship or shared ideas and experien"
feelings-social,"click",b1,2177,,Y,manual-pin,"the act of pressing the button on a computer mouse or touchpad"
feelings-social,"scared",a2,2340,,,manual-pin,"frightened of something or afraid that something bad might happen"
feelings-social,"nervous",a2,2437,,,manual-pin,"anxious about something or afraid of something"
feelings-social,"awesome",,2513,,,manual-pin,""
feelings-social,"incredible",a2,2543,,,manual-pin,"impossible or very difficult to believe"
feelings-social,"excited",a1,2696,,,manual-pin,"feeling or showing happiness and enthusiasm"
feelings-social,"forgive",b2,2751,,,manual-pin,"to stop feeling angry with somebody who has done something to harm, annoy or upset you; to stop feeling angry with yours"
feelings-social,"apologize",b1,2792,,,manual-pin,"to say that you are sorry for doing something wrong or causing a problem"
feelings-social,"grateful",b1,3381,,,manual-pin,"feeling or showing thanks because somebody has done something kind for you or has done as you asked"
feelings-social,"fake",b2,3409,Y,,manual-pin,"not what somebody claims it is; appearing to be something it is not"
feelings-social,"shade",b2,3424,,,manual-pin,"an area that is dark and cool under or behind something, for example a tree or building, because the sun’s light does no"
feelings-social,"rumor",,3470,,,manual-pin,""
feelings-social,"reliable",b1,3650,,,manual-pin,"that can be trusted to do something well; that you can rely on"
feelings-social,"lonely",b1,3899,,,manual-pin,"unhappy because you have no friends or people to talk to"
feelings-social,"genuine",b2,3935,,,manual-pin,"real; exactly what it appears to be; not artificial"
feelings-social,"realistic",b2,4150,,,manual-pin,"accepting in a sensible way what it is actually possible to do or achieve in a particular situation"
feelings-social,"squad",c1,4283,,,manual-pin,"a section of a police force that deals with a particular type of crime"
feelings-social,"crush",c1,4347,,,manual-pin,"to press something so hard that it is damaged or injured, or loses its shape"
feelings-social,"awkward",b2,4421,Y,,manual-pin,"making you feel embarrassed"
feelings-social,"shy",b1,4644,,,manual-pin,"nervous or embarrassed about meeting and speaking to other people"
feelings-social,"sympathy",b2,4732,,,manual-pin,"the feeling of being sorry for somebody; showing that you understand and care about somebody’s problems"
feelings-social,"optimistic",b2,4757,,,manual-pin,"expecting good things to happen or something to be successful; showing this feeling"
feelings-social,"compassion",c1,4853,,,manual-pin,"a strong feeling of sympathy for people or animals who are suffering and a desire to help them"
feelings-social,"spite",b2,4872,,,manual-pin,"a feeling of wanting to hurt or upset somebody"
feelings-social,"jealous",,4944,,,manual-pin,""
feelings-social,"embarrassed",b1,4963,,,manual-pin,"shy, uncomfortable or ashamed, especially in a social situation"
feelings-social,"ashamed",b2,5032,,,manual-pin,"feeling shame or feeling embarrassed about somebody/something or because of something you have done"
feelings-social,"authentic",c1,,Y,,manual-pin,"known to be real and what somebody claims it is and not a copy"
feelings-social,"lit",,,,,manual-pin,""
feelings-social,"roommate",,,,,manual-pin,""
feelings-social,"gossip",,,Y,,manual-pin,""
feelings-social,"charming",b2,,Y,,manual-pin,"very pleasant or attractive"
feelings-social,"savage",,,Y,,manual-pin,""
feelings-social,"bored",,,,,manual-pin,""
feelings-social,"frustrated",c1,,,,manual-pin,"feeling annoyed and impatient because you cannot do or achieve what you want"
feelings-social,"annoyed",b1,,,,manual-pin,"slightly angry"
feelings-social,"relieved",b2,,,,manual-pin,"feeling happy because something unpleasant has stopped or has not happened; showing this"
feelings-social,"thankful",,,,,manual-pin,""
feelings-social,"cringe",,,Y,,manual-pin,""
feelings-social,"cringey",,,,,manual-pin,""
feelings-social,"mind-blowing",,,,,manual-pin,""
feelings-social,"overwhelmed",,,,,manual-pin,""
feelings-social,"hyped",,,,,manual-pin,""
feelings-social,"salty",,,,,manual-pin,""
feelings-social,"chill",,,,,manual-pin,""
feelings-social,"vibe",,,,,manual-pin,""
feelings-social,"flex",,,,,manual-pin,""
feelings-social,"hookup",,,,,manual-pin,""
feelings-social,"ghosted",,,,,manual-pin,""
feelings-social,"ghosting",,,,,manual-pin,""
feelings-social,"breakup",,,,,manual-pin,""
feelings-social,"rebound",,,,,manual-pin,""
feelings-social,"bff",,,,,manual-pin,""
feelings-social,"frenemy",,,,,manual-pin,""
feelings-social,"inner circle",,,,,manual-pin,""
feelings-social,"mutual friend",,,,,manual-pin,""
feelings-social,"reconcile",,,,,manual-pin,""
feelings-social,"make up",,,,,manual-pin,""
feelings-social,"fall out",,,,,manual-pin,""
feelings-social,"compliment",,,Y,,manual-pin,""
feelings-social,"insult",c1,,,,manual-pin,"a remark or an action that is said or done in order to offend somebody"
feelings-social,"tease",,,,,manual-pin,""
feelings-social,"mock",,,Y,,manual-pin,""
feelings-social,"roast",,,,,manual-pin,""
feelings-social,"banter",,,,,manual-pin,""
feelings-social,"introvert",,,Y,,manual-pin,""
feelings-social,"extrovert",,,Y,,manual-pin,""
feelings-social,"outgoing",,,Y,,manual-pin,""
feelings-social,"sociable",,,Y,,manual-pin,""
feelings-social,"sarcastic",,,,,manual-pin,""
feelings-social,"cynical",c1,,Y,,manual-pin,"believing that people only do things to help themselves rather than for good or honest reasons"
feelings-social,"pessimistic",,,,,manual-pin,""
feelings-social,"idealistic",,,,,manual-pin,""
feelings-social,"empathy",,,,,manual-pin,""
feelings-social,"remorse",,,Y,,manual-pin,""
feelings-social,"resentment",,,,,manual-pin,""
feelings-social,"envy",,,,,manual-pin,""
feelings-social,"condescending",,,Y,,manual-pin,""
feelings-social,"patronizing",,,,,manual-pin,""
feelings-social,"judgmental",,,,,manual-pin,""
feelings-social,"open-minded",,,,,manual-pin,""
feelings-social,"narrow-minded",,,,,manual-pin,""
feelings-social,"trustworthy",,,,,manual-pin,""
feelings-social,"flaky",,,,,manual-pin,""
feelings-social,"two-faced",,,,,manual-pin,""
feelings-social,"fall in love",,,,,manual-pin,""
feelings-social,"have a crush",,,,,manual-pin,""
feelings-social,"hit it off",,,,,manual-pin,""
feelings-social,"drift apart",,,,,manual-pin,""
feelings-social,"know",a1,39,,Y,imsky:verbs/thought,"to have information in your mind as a result of experience or because you have learned or been told it"
feelings-social,"think",a1,53,,Y,imsky:verbs/thought,"to have a particular idea or opinion about something/somebody; to believe something"
feelings-social,"time",a1,54,,Y,yle:time,"what is measured in minutes, hours, days, etc."
feelings-social,"year",a1,64,,Y,yle:time,"the period from 1 January to 31 December, that is 365 or 366 days, divided into 12 months"
feelings-social,"man",a1,95,,Y,yle:family_and_friends,"an adult male human"
feelings-social,"day",a1,96,,Y,yle:time,"a period of 24 hours"
feelings-social,"new",a1,100,,Y,imsky:adjectives/age,"not existing before; recently made, invented, introduced, etc."
feelings-social,"call",a1,125,,Y,imsky:verbs/communication,"the act of speaking to somebody on the phone"
feelings-social,"woman",a1,126,,Y,yle:family_and_friends,"an adult female human"
feelings-social,"never",a1,132,,Y,yle:time,"not at any time; not on any occasion"
feelings-social,"child",a1,140,,Y,yle:family_and_friends,"a young human who is not yet an adult"
feelings-social,"family",a1,171,,Y,yle:family_and_friends,"connected with the family or a particular family"
feelings-social,"old",a1,174,,Y,imsky:adjectives/age,"of a particular age"
feelings-social,"always",a1,191,,Y,yle:time,"at all times; on every occasion"
feelings-social,"week",a1,192,,Y,yle:time,"a period of seven days, either from Monday to Sunday or from Sunday to Saturday"
feelings-social,"night",a1,208,,Y,yle:time,"the time between one day and the next when it is dark, when people usually sleep"
feelings-social,"today",a1,225,,Y,yle:time,"on this day"
feelings-social,"friend",a1,230,,Y,yle:family_and_friends,"a person you know well and like, and who is not usually a member of your family"
feelings-social,"month",a1,249,,Y,yle:time,"any of the twelve periods of time into which the year is divided, for example May or June"
feelings-social,"mother",a1,279,,Y,yle:family_and_friends,"a female parent of a child or animal; a person who is acting as a mother to a child"
feelings-social,"young",a1,288,,Y,imsky:adjectives/age,"having lived or existed for only a short time; not fully developed"
feelings-social,"person",a1,298,,Y,yle:family_and_friends,"a human as an individual"
feelings-social,"hour",a1,308,,Y,yle:time,"60 minutes; one of the 24 parts that a day is divided into"
feelings-social,"girl",a1,313,,Y,yle:family_and_friends,"a female child"
feelings-social,"minute",a1,326,Y,Y,yle:time,"each of the 60 parts of an hour, that are equal to 60 seconds"
feelings-social,"reason",a1,336,,Y,imsky:verbs/thought,"a cause or an explanation for something that has happened or that somebody has done"
tech-social,"like",b1,73,,,manual-pin,"the things that you like"
tech-social,"story",a1,224,,Y,manual-pin,"a description of events and people that the writer or speaker has invented in order to entertain people"
tech-social,"love",a1,233,,Y,manual-pin,"a very strong feeling of liking and caring for somebody/something, especially a member of your family or a friend"
tech-social,"follow",a1,332,,Y,manual-pin,"to come or go after or behind somebody/something"
tech-social,"history",a1,374,,Y,manual-pin,"all the events that happened in the past"
tech-social,"share",b1,570,,Y,manual-pin,"one part of something that is divided between two or more people"
tech-social,"password",b2,,,,manual-pin,"a series of letters, numbers, etc. that you must type into a computer or computer system in order to be able to use it"
tech-social,"short",a1,669,,Y,manual-pin,"measuring or covering a small length or distance, or a smaller length or distance than usual"
tech-social,"window",a1,714,,Y,manual-pin,"an opening in the wall or roof of a building, car, etc., usually covered with glass, that allows light and air to come i"
tech-social,"forward",b2,802,,,manual-pin,"directed or moving towards the front"
tech-social,"mention",b1,818,,,manual-pin,"an act of referring to somebody/something in speech or writing"
tech-social,"subscribe",,,Y,,manual-pin,""
tech-social,"handle",b2,1223,,,manual-pin,"the part of a door, window, etc. that you use to open it"
tech-social,"feed",b2,1234,,,manual-pin,"a meal of milk for a young baby; a meal for an animal"
tech-social,"block",b1,1311,,,manual-pin,"a large piece of a solid material that is square or rectangular in shape and usually has flat sides"
tech-social,"coverage",b2,1856,,Y,manual-pin,"the reporting of news and sport in the media"
tech-social,"username",,,,,manual-pin,""
tech-social,"app",a2,2126,,Y,manual-pin,"a piece of software that you can download to a device such as a smartphone or tablet, for example to look up information"
tech-social,"drag",b2,2223,,,manual-pin,"to pull somebody/something along with effort and difficulty"
tech-social,"recover",b2,2298,Y,,manual-pin,"to get well again after being ill, hurt, etc."
tech-social,"reply",a2,2361,,,manual-pin,"an act of replying to something/somebody in speech, writing or by some action"
tech-social,"profile",a2,2461,Y,,manual-pin,"a description of somebody/something that gives useful information"
tech-social,"attach",b1,2538,,,manual-pin,"to fasten or join one thing to another"
tech-social,"spam",c1,,,,manual-pin,"advertising material sent by email to people who have not asked for it; advertising material on the internet that is not"
tech-social,"stream",b2,2573,,Y,manual-pin,"a small, narrow river"
tech-social,"virus",a2,2591,Y,,manual-pin,"a living thing, too small to be seen without a microscope, that causes disease in people, animals and plants"
tech-social,"crop",b2,2835,,,manual-pin,"a plant that is grown in large quantities, especially as food"
tech-social,"bookmark",,,,,manual-pin,""
tech-social,"unlike",b1,2879,,,manual-pin,"different from a particular person or thing"
tech-social,"react",a2,2885,,,manual-pin,"to change or behave in a particular way as a result of or in response to something"
tech-social,"cookie",,2923,,Y,manual-pin,""
tech-social,"update",b1,2928,,,manual-pin,"a report or broadcast that gives the most recent information about something; a new version of something containing the "
tech-social,"freeze",b1,2990,,,manual-pin,"to become hard, and often turn to ice, as a result of extreme cold; to make something do this"
tech-social,"crash",b2,3040,,,manual-pin,"an accident in which a vehicle hits something, for example another vehicle, usually causing damage and often injuring or"
tech-social,"tap",b2,3052,,Y,manual-pin,"a device for controlling the flow of water from a pipe into a bath or sink"
tech-social,"bluetooth",,,,,manual-pin,""
tech-social,"thread",c1,3301,,,manual-pin,"a thin string of cotton, wool, silk, etc. used for sewing or making cloth"
tech-social,"edit",b2,3529,,,manual-pin,"to prepare a piece of writing, a book, etc. to be published by correcting the mistakes, making improvements to it, etc."
tech-social,"avatar",,,,,manual-pin,""
tech-social,"wallpaper",,,,,manual-pin,""
tech-social,"banner",c1,,,,manual-pin,"a long piece of cloth with a message on it that is carried between two poles or hung in a public place to show support f"
tech-social,"notification",,,,,manual-pin,""
tech-social,"tag",b2,3827,,,manual-pin,"a small piece of paper, cloth, plastic, etc. attached to something to identify it or give information about it"
tech-social,"upload",,,,,manual-pin,""
tech-social,"unsubscribe",,,,,manual-pin,""
tech-social,"bio",,,,,manual-pin,""
tech-social,"creator",c1,3999,,,manual-pin,"a person who has made or invented a particular thing"
tech-social,"download",a2,4020,,Y,manual-pin,"data that is downloaded from another computer system"
tech-social,"follower",,4075,,,manual-pin,""
tech-social,"cache",,,Y,,manual-pin,""
tech-social,"sponsor",b2,4159,,,manual-pin,"a person or company that pays for a radio or television programme, or for a concert or sporting event, usually in return"
tech-social,"algorithm",,,,,manual-pin,""
tech-social,"icon",b2,4328,Y,,manual-pin,"a small symbol on a computer or smartphone screen that represents a program or a file"
tech-social,"broadcast",b2,4373,,,manual-pin,"a radio or television programme"
tech-social,"filter",c1,4546,Y,,manual-pin,"a device containing paper, sand, chemicals, etc. that a liquid or gas is passed through in order to remove any materials"
tech-social,"verify",c1,4855,Y,,manual-pin,"to check that something is true or accurate"
tech-social,"tab",,4976,,,manual-pin,""
tech-social,"upgrade",c1,5005,,,manual-pin,"the act of making a machine, computer system, etc. more powerful and efficient; the more powerful and efficient machine,"
tech-social,"leak",c1,5009,,,manual-pin,"a small hole that lets liquid or gas flow in or out of something by accident"
tech-social,"browser",c1,5021,,,manual-pin,"a computer program that lets you look at or read documents on the World Wide Web"
tech-social,"subscriber",c1,,,,manual-pin,"a person who pays money, usually once a year, to receive regular copies of a magazine or newspaper or have access to it "
tech-social,"verified",,,,,manual-pin,""
tech-social,"reset",,,,,manual-pin,""
tech-social,"scroll",,,,,manual-pin,""
tech-social,"gif",,,,,manual-pin,""
tech-social,"screenshot",,,,,manual-pin,""
tech-social,"wifi",,,,,manual-pin,""
tech-social,"timeline",,,,,manual-pin,""
tech-social,"reel",,,,,manual-pin,""
tech-social,"sticker",,,,,manual-pin,""
tech-social,"hack",,,,,manual-pin,""
tech-social,"viral",,,,,manual-pin,""
tech-social,"breach",c1,,Y,,manual-pin,"a failure to do something that must be done by law"
tech-social,"swipe",,,,,manual-pin,""
tech-social,"pinch to zoom",,,,,manual-pin,""
tech-social,"double-tap",,,,,manual-pin,""
tech-social,"long press",,,,,manual-pin,""
tech-social,"screen record",,,,,manual-pin,""
tech-social,"caption",,,Y,,manual-pin,""
tech-social,"hashtag",,,,,manual-pin,""
tech-social,"comment",,,,,manual-pin,""
tech-social,"retweet",,,,,manual-pin,""
tech-social,"repost",,,,,manual-pin,""
tech-social,"upvote",,,,,manual-pin,""
tech-social,"downvote",,,,,manual-pin,""
tech-social,"unfollow",,,,,manual-pin,""
tech-social,"unblock",,,,,manual-pin,""
tech-social,"mute",,,,,manual-pin,""
tech-social,"unmute",,,,,manual-pin,""
tech-social,"snooze",,,,,manual-pin,""
tech-social,"dm",,,,,manual-pin,""
tech-social,"direct message",,,,,manual-pin,""
tech-social,"group chat",,,,,manual-pin,""
tech-social,"inbox",,,,,manual-pin,""
tech-social,"livestream",,,,,manual-pin,""
tech-social,"blue check",,,,,manual-pin,""
tech-social,"following",,,,,manual-pin,""
tech-social,"influencer",,,,,manual-pin,""
tech-social,"trending",,,,,manual-pin,""
tech-social,"meme",,,,,manual-pin,""
tech-social,"emoji",,,,,manual-pin,""
tech-social,"widget",,,,,manual-pin,""
tech-social,"home screen",,,,,manual-pin,""
tech-social,"lock screen",,,,,manual-pin,""
tech-social,"cc",,,,,manual-pin,""
tech-social,"bcc",,,,,manual-pin,""
tech-social,"hotspot",,,,,manual-pin,""
tech-social,"airdrop",,,,,manual-pin,""
tech-social,"data plan",,,,,manual-pin,""
tech-social,"roaming",,,,,manual-pin,""
mental-health,"energy",a2,586,Y,,manual-pin,"the strength, effort and enthusiasm required for physical or mental activity, work, etc."
mental-health,"period",a1,684,Y,,manual-pin,"a particular length of time"
mental-health,"sleep",a2,1009,,,manual-pin,"the natural state of rest in which your eyes are closed, your body is not active, and your mind is not conscious"
mental-health,"insurance",b2,1108,,,manual-pin,"an arrangement with a company in which you pay them regular amounts of money and they agree to pay the costs, for exampl"
mental-health,"reflect",b1,1193,,,manual-pin,"to show the image of somebody/something on the surface of something such as a mirror, water or glass"
mental-health,"journal",b1,1230,,,manual-pin,"a newspaper or magazine that deals with a particular subject or profession"
mental-health,"sad",a1,1709,,Y,manual-pin,"unhappy or showing unhappiness"
mental-health,"stress",a2,1935,,,manual-pin,"pressure or worry caused by problems in somebody’s life or by having too much to do"
mental-health,"calorie",,2217,Y,,manual-pin,""
mental-health,"protein",b2,2263,Y,,manual-pin,"a substance, found within all living things, that forms the structure of muscles, organs, etc. There are many different "
mental-health,"depression",b2,2273,,,manual-pin,"a medical condition in which a person feels very sad, anxious and without hope and often has physical symptoms such as b"
mental-health,"recover",b2,2298,Y,,manual-pin,"to get well again after being ill, hurt, etc."
mental-health,"therapy",b2,2303,,,manual-pin,"the treatment of a physical problem or an illness"
mental-health,"mood",b1,2639,,,manual-pin,"the way you are feeling at a particular time"
mental-health,"anxiety",b2,2673,,,manual-pin,"the state of feeling nervous or worried that something bad is going to happen"
mental-health,"pharmacy",,,Y,,manual-pin,""
mental-health,"boundary",c1,3014,,,manual-pin,"a real or imagined line that marks the limits or edges of something and separates it from other things or places; a divi"
mental-health,"medication",b2,3121,,,manual-pin,"a drug or another form of medicine that you take to prevent or to treat an illness; treatment involving drugs"
mental-health,"fiber",,3137,,,manual-pin,""
mental-health,"counselor",,3372,Y,Y,manual-pin,""
mental-health,"prescription",c1,3643,Y,,manual-pin,"an official piece of paper on which a doctor writes the type of medicine you should have, and which enables you to get i"
mental-health,"psychologist",b2,3880,,,manual-pin,"a scientist who studies and is trained in psychology"
mental-health,"lonely",b1,3899,,,manual-pin,"unhappy because you have no friends or people to talk to"
mental-health,"cope",b2,3930,,,manual-pin,"to deal successfully with something difficult"
mental-health,"heal",b2,4101,,,manual-pin,"to become healthy again; to make something healthy again"
mental-health,"trauma",c1,4116,,,manual-pin,"a mental condition caused by severe shock, stress or fear, especially when the harmful effects last for a long time"
mental-health,"therapist",b2,4364,,,manual-pin,"a specialist who treats a particular type of illness or problem, or who uses a particular type of treatment"
mental-health,"panic",b2,4394,Y,,manual-pin,"a sudden feeling of great fear that cannot be controlled and prevents you from thinking clearly"
mental-health,"fever",b2,4583,,,manual-pin,"a medical condition in which a person has a temperature that is higher than normal"
mental-health,"anxious",b2,4599,Y,,manual-pin,"feeling worried or nervous"
mental-health,"yoga",,,,,manual-pin,""
mental-health,"workout",c1,4812,,,manual-pin,"a period of physical exercise that you do to keep fit"
mental-health,"headache",a2,4834,,,manual-pin,"a continuous pain in the head"
mental-health,"depressed",b2,4958,,,manual-pin,"very sad and without hope"
mental-health,"asthma",,,,,manual-pin,""
mental-health,"meditation",c1,,,,manual-pin,"the practice of focusing your mind in silence, especially for religious reasons or in order to make your mind calm"
mental-health,"allergy",,,,,manual-pin,""
mental-health,"stressed",,,,,manual-pin,""
mental-health,"burnout",,,,,manual-pin,""
mental-health,"overwhelmed",,,,,manual-pin,""
mental-health,"panic attack",,,,,manual-pin,""
mental-health,"mood swing",,,,,manual-pin,""
mental-health,"irritable",,,Y,,manual-pin,""
mental-health,"hopeless",,,,,manual-pin,""
mental-health,"helpless",,,,,manual-pin,""
mental-health,"worthless",,,,,manual-pin,""
mental-health,"numb",,,,,manual-pin,""
mental-health,"psychiatrist",,,,,manual-pin,""
mental-health,"meditate",,,Y,,manual-pin,""
mental-health,"mindfulness",,,,,manual-pin,""
mental-health,"breathing exercise",,,,,manual-pin,""
mental-health,"grounding",,,,,manual-pin,""
mental-health,"vent",,,,,manual-pin,""
mental-health,"coping",,,,,manual-pin,""
mental-health,"process",,,,,manual-pin,""
mental-health,"self-care",,,,,manual-pin,""
mental-health,"self-esteem",,,,,manual-pin,""
mental-health,"self-worth",,,,,manual-pin,""
mental-health,"self-doubt",,,,,manual-pin,""
mental-health,"self-conscious",,,,,manual-pin,""
mental-health,"set boundaries",,,,,manual-pin,""
mental-health,"people-please",,,,,manual-pin,""
mental-health,"overthink",,,,,manual-pin,""
mental-health,"rumination",,,,,manual-pin,""
mental-health,"triggered",,,,,manual-pin,""
mental-health,"trigger warning",,,,,manual-pin,""
mental-health,"safe space",,,,,manual-pin,""
mental-health,"support system",,,,,manual-pin,""
mental-health,"antidepressant",,,,,manual-pin,""
mental-health,"side effect",,,,,manual-pin,""
mental-health,"dosage",,,,,manual-pin,""
mental-health,"insomnia",,,,,manual-pin,""
mental-health,"oversleep",,,,,manual-pin,""
mental-health,"nap",,,,,manual-pin,""
mental-health,"snooze",,,,,manual-pin,""
mental-health,"doze off",,,,,manual-pin,""
mental-health,"drowsy",,,Y,,manual-pin,""
mental-health,"fatigue",,,,,manual-pin,""
mental-health,"exhausted",,,Y,,manual-pin,""
mental-health,"drained",,,,,manual-pin,""
mental-health,"recharged",,,,,manual-pin,""
mental-health,"dehydrated",,,,,manual-pin,""
mental-health,"hydrated",,,,,manual-pin,""
mental-health,"cramps",,,,,manual-pin,""
mental-health,"pms",,,,,manual-pin,""
mental-health,"bloated",,,,,manual-pin,""
mental-health,"nausea",,,Y,,manual-pin,""
mental-health,"migraine",,,,,manual-pin,""
mental-health,"chills",,,,,manual-pin,""
mental-health,"sore throat",,,,,manual-pin,""
mental-health,"congested",,,,,manual-pin,""
mental-health,"sneeze",,,,,manual-pin,""
mental-health,"cough",,,,,manual-pin,""
mental-health,"runny nose",,,,,manual-pin,""
mental-health,"stuffy nose",,,,,manual-pin,""
mental-health,"allergic",,,,,manual-pin,""
mental-health,"inhaler",,,,,manual-pin,""
mental-health,"epi-pen",,,,,manual-pin,""
mental-health,"concussion",,,,,manual-pin,""
mental-health,"sprain",,,,,manual-pin,""
mental-health,"fracture",,,Y,,manual-pin,""
mental-health,"urgent care",,,,,manual-pin,""
mental-health,"er",,,,,manual-pin,""
mental-health,"emergency room",,,,,manual-pin,""
mental-health,"walk-in clinic",,,,,manual-pin,""
mental-health,"pediatrician",,,,,manual-pin,""
mental-health,"pharmacist",,,,,manual-pin,""
mental-health,"refill",,,,,manual-pin,""
mental-health,"copay",,,,,manual-pin,""
mental-health,"deductible",,,,,manual-pin,""
part-time-work,"raise",a2,512,,,manual-pin,"to lift or move something to a higher level"
part-time-work,"fire",a1,670,,Y,manual-pin,"the flames, light and heat, and often smoke, that are produced when something burns"
part-time-work,"economy",b1,693,,,manual-pin,"the relationship between production, trade and the supply of money in a particular country or region"
part-time-work,"interview",a1,930,,Y,manual-pin,"a formal meeting at which somebody is asked questions to see if they are suitable for a particular job, or for a course "
part-time-work,"union",b1,935,,,manual-pin,"an organization of workers, usually in a particular industry, that exists to protect their interests, improve conditions"
part-time-work,"employee",a2,945,,,manual-pin,"a person who is paid to work for somebody"
part-time-work,"stock",b2,1033,Y,,manual-pin,"a supply of goods that is available for sale in a shop"
part-time-work,"customer",a1,1061,,Y,manual-pin,"a person or an organization that buys goods or services from a shop or business"
part-time-work,"manager",a2,1062,,Y,manual-pin,"a person who is in charge of running a business, a shop or a similar organization or part of one"
part-time-work,"budget",b2,1107,,Y,manual-pin,"the money that is available to a person or an organization and a plan of how it will be spent over a period of time"
part-time-work,"client",b1,1197,,,manual-pin,"a person who uses the services or advice of a professional person or organization"
part-time-work,"application",b1,1354,,Y,manual-pin,"a formal (often written) request for something, such as a job, permission to do something or a place at a college or uni"
part-time-work,"regular",a2,1486,,,manual-pin,"following a pattern, especially with the same time or space in between each thing and the next"
part-time-work,"fees",,,,,manual-pin,""
part-time-work,"hire",b2,1521,,,manual-pin,"the act of paying to use something for a short time"
part-time-work,"commission",b2,1567,Y,,manual-pin,"an official group of people who have been given responsibility to control something, or to find out about something, usu"
part-time-work,"reference",b1,1695,,,manual-pin,"a thing you say or write that mentions somebody/something else; the act of mentioning somebody/something"
part-time-work,"colleague",a2,1813,Y,,manual-pin,"a person that you work with, especially in a profession or a business"
part-time-work,"grant",b2,1888,,Y,manual-pin,"a sum of money that is given by the government or by another organization to be used for a particular purpose"
part-time-work,"tip",a2,1929,,Y,manual-pin,"a small piece of advice about something practical"
part-time-work,"shift",b1,1964,,,manual-pin,"a period of time worked by a group of workers who start work as another group finishes"
part-time-work,"spending",b1,2111,,,manual-pin,"the amount of money that is spent by a government, an organization or a person"
part-time-work,"quit",b1,2216,,,manual-pin,"to leave your job, school, etc."
part-time-work,"employer",a2,2222,,,manual-pin,"a person or company that pays people to work for them"
part-time-work,"schedule",a2,2251,Y,,manual-pin,"a plan that lists all the work that you have to do and when you must do each thing"
part-time-work,"saving",b2,2462,,,manual-pin,"an amount of something such as time or money that you do not need to use or spend"
part-time-work,"volunteer",b1,2507,,,manual-pin,"a person who does a job without being paid for it"
part-time-work,"evaluation",b2,2510,,,manual-pin,"the act of forming an opinion of the amount, value or quality of something after thinking about it carefully"
part-time-work,"salary",a2,2660,,,manual-pin,"money that employees receive for doing their job, especially professional employees or people working in an office, usua"
part-time-work,"vacation",a1,2721,,,manual-pin,"a period of time spent travelling or resting away from home"
part-time-work,"recommendation",b1,2738,,,manual-pin,"an official suggestion about the best thing to do"
part-time-work,"uniform",a2,3334,Y,Y,manual-pin,"the special set of clothes worn by all members of an organization or a group at work, or by children at school"
part-time-work,"inflation",b2,3343,,Y,manual-pin,"a general rise in the prices of services and goods in a particular country, resulting in a fall in the value of money; t"
part-time-work,"recession",b2,3398,,,manual-pin,"a difficult time for the economy of a country, when there is less trade and industrial activity than usual and more peop"
part-time-work,"scholarship",b2,3446,,,manual-pin,"an amount of money given to somebody by an organization to help pay for their education"
part-time-work,"till",b1,3528,,,manual-pin,"until"
part-time-work,"resign",b2,3687,,,manual-pin,"to officially tell somebody that you are leaving your job, an organization, etc."
part-time-work,"orientation",c1,3710,,,manual-pin,"a person’s basic beliefs or feelings about a particular subject"
part-time-work,"promotion",b2,3823,Y,,manual-pin,"a move to a more important job or rank in a company or an organization"
part-time-work,"bonus",c1,3979,,,manual-pin,"an extra amount of money that is added to a payment, especially to somebody’s wages or salary as a reward"
part-time-work,"supervisor",c1,4215,,,manual-pin,"a person who supervises somebody/something"
part-time-work,"investing",,,,,manual-pin,""
part-time-work,"resume",c1,4448,,,manual-pin,"if you resume an activity, or if it resumes, it begins again or continues after being interrupted"
part-time-work,"drawer",,4892,,,manual-pin,""
part-time-work,"refund",,,,,manual-pin,""
part-time-work,"tuition",c1,,,,manual-pin,"the act of teaching something, especially to one person or to people in small groups"
part-time-work,"pos",,,,,manual-pin,""
part-time-work,"gdp",,,,,manual-pin,""
part-time-work,"badge",b2,,,,manual-pin,"a small piece of metal or plastic, with a design or words on it, that a person wears or carries to show that they belong"
part-time-work,"paycheck",,,,,manual-pin,""
part-time-work,"hourly wage",,,,,manual-pin,""
part-time-work,"minimum wage",,,,,manual-pin,""
part-time-work,"overtime",,,,,manual-pin,""
part-time-work,"gratuity",,,Y,,manual-pin,""
part-time-work,"demotion",,,,,manual-pin,""
part-time-work,"punch in",,,,,manual-pin,""
part-time-work,"punch out",,,,,manual-pin,""
part-time-work,"clock in",,,,,manual-pin,""
part-time-work,"clock out",,,,,manual-pin,""
part-time-work,"time card",,,,,manual-pin,""
part-time-work,"rota",,,,,manual-pin,""
part-time-work,"shift swap",,,,,manual-pin,""
part-time-work,"cover a shift",,,,,manual-pin,""
part-time-work,"call out",,,,,manual-pin,""
part-time-work,"call in sick",,,,,manual-pin,""
part-time-work,"on call",,,,,manual-pin,""
part-time-work,"flex hours",,,,,manual-pin,""
part-time-work,"graveyard shift",,,,,manual-pin,""
part-time-work,"split shift",,,,,manual-pin,""
part-time-work,"closing shift",,,,,manual-pin,""
part-time-work,"coworker",,,,,manual-pin,""
part-time-work,"patron",c1,,,,manual-pin,"a person who gives money and support to artists and writers"
part-time-work,"guest",,,,,manual-pin,""
part-time-work,"cv",,,,,manual-pin,""
part-time-work,"cover letter",,,,,manual-pin,""
part-time-work,"apply",,,,,manual-pin,""
part-time-work,"lay off",,,,,manual-pin,""
part-time-work,"let go",,,,,manual-pin,""
part-time-work,"training",,,,,manual-pin,""
part-time-work,"onboarding",,,,,manual-pin,""
part-time-work,"probation",,,Y,,manual-pin,""
part-time-work,"review",,,,,manual-pin,""
part-time-work,"internship",,,,,manual-pin,""
part-time-work,"apprenticeship",,,,,manual-pin,""
part-time-work,"unpaid",,,,,manual-pin,""
part-time-work,"paid",,,,,manual-pin,""
part-time-work,"stipend",,,Y,,manual-pin,""
part-time-work,"w-2",,,,,manual-pin,""
part-time-work,"w-4",,,,,manual-pin,""
part-time-work,"1099",,,,,manual-pin,""
part-time-work,"tax form",,,,,manual-pin,""
part-time-work,"withholding",,,,,manual-pin,""
part-time-work,"deduction",,,,,manual-pin,""
part-time-work,"paystub",,,,,manual-pin,""
part-time-work,"direct deposit",,,,,manual-pin,""
part-time-work,"tip pool",,,,,manual-pin,""
part-time-work,"tip-out",,,,,manual-pin,""
part-time-work,"cash-only",,,,,manual-pin,""
part-time-work,"card-only",,,,,manual-pin,""
part-time-work,"cash register",,,,,manual-pin,""
outdoor-adventure,"camp",a2,1419,,Y,manual-pin,"a place where people live temporarily in tents or temporary buildings"
outdoor-adventure,"map",a1,1614,,Y,manual-pin,"a drawing or plan of the earth’s surface or part of it, showing countries, towns, rivers, etc."
outdoor-adventure,"bear",a2,1870,,Y,manual-pin,"a heavy wild animal with thick fur and sharp claws (= pointed parts on the ends of its feet). There are many types of be"
outdoor-adventure,"trail",c1,2075,,,manual-pin,"a long line or series of marks that is left by somebody/something"
outdoor-adventure,"smoke",a2,2501,,,manual-pin,"the grey, white or black gas that is produced by something burning"
outdoor-adventure,"hurricane",b1,2592,Y,,manual-pin,"a violent storm with very strong winds, especially in the western Atlantic Ocean"
outdoor-adventure,"tube",b1,3015,Y,Y,manual-pin,"a long, hollow pipe made of metal, plastic, rubber, etc., through which liquids or gases move from one place to another"
outdoor-adventure,"gps",,,,,manual-pin,""
outdoor-adventure,"matches",,,,,manual-pin,""
outdoor-adventure,"lodge",,,Y,,manual-pin,""
outdoor-adventure,"wildlife",b2,3547,,,manual-pin,"animals, birds, insects, etc. that are wild and live in a natural environment"
outdoor-adventure,"tent",b1,3563,,Y,manual-pin,"a shelter made of a large sheet of canvas, nylon, etc. that is supported by poles and ropes fixed to the ground, and is "
outdoor-adventure,"deer",,3623,,,manual-pin,""
outdoor-adventure,"cabin",b2,3705,,,manual-pin,"a small room on a ship in which you live or sleep"
outdoor-adventure,"flood",b1,3830,,,manual-pin,"a large amount of water covering an area that is usually dry"
outdoor-adventure,"tackle",c1,3859,,,manual-pin,"an act of trying to take the ball from an opponent in football (soccer), hockey, etc.; an act of knocking somebody to th"
outdoor-adventure,"ski",a2,3970,,,manual-pin,"connected with the sport of skiing"
outdoor-adventure,"trailer",c1,3974,,,manual-pin,"a truck, or a container with wheels, that is pulled by another vehicle"
outdoor-adventure,"helmet",b2,4609,,,manual-pin,"a type of hard hat that protects the head, worn, for example, by a police officer, a soldier or a person riding a bike o"
outdoor-adventure,"lightning",,4701,,,manual-pin,""
outdoor-adventure,"cottage",b1,,,Y,manual-pin,"a small house, especially in the country"
outdoor-adventure,"reel",,,,,manual-pin,""
outdoor-adventure,"scuba",,,,,manual-pin,""
outdoor-adventure,"lighter",,,,,manual-pin,""
outdoor-adventure,"frost",,,,,manual-pin,""
outdoor-adventure,"snowboard",,,,,manual-pin,""
outdoor-adventure,"trailhead",,,,,manual-pin,""
outdoor-adventure,"hike",,,,,manual-pin,""
outdoor-adventure,"backpacking",,,,,manual-pin,""
outdoor-adventure,"campsite",,,,,manual-pin,""
outdoor-adventure,"sleeping bag",,,,,manual-pin,""
outdoor-adventure,"sleeping pad",,,,,manual-pin,""
outdoor-adventure,"tarp",,,,,manual-pin,""
outdoor-adventure,"rainfly",,,,,manual-pin,""
outdoor-adventure,"campfire",,,,,manual-pin,""
outdoor-adventure,"firewood",,,,,manual-pin,""
outdoor-adventure,"kindling",,,,,manual-pin,""
outdoor-adventure,"stove",,,,,manual-pin,""
outdoor-adventure,"lantern",,,,,manual-pin,""
outdoor-adventure,"flashlight",,,,,manual-pin,""
outdoor-adventure,"compass",,,,,manual-pin,""
outdoor-adventure,"waypoint",,,,,manual-pin,""
outdoor-adventure,"topo map",,,,,manual-pin,""
outdoor-adventure,"trail marker",,,,,manual-pin,""
outdoor-adventure,"kayak",,,,,manual-pin,""
outdoor-adventure,"canoe",,,,,manual-pin,""
outdoor-adventure,"paddle",,,,,manual-pin,""
outdoor-adventure,"paddleboard",,,,,manual-pin,""
outdoor-adventure,"raft",,,,,manual-pin,""
outdoor-adventure,"innertube",,,,,manual-pin,""
outdoor-adventure,"snorkel",,,,,manual-pin,""
outdoor-adventure,"wetsuit",,,,,manual-pin,""
outdoor-adventure,"life jacket",,,,,manual-pin,""
outdoor-adventure,"pfd",,,,,manual-pin,""
outdoor-adventure,"snowshoe",,,,,manual-pin,""
outdoor-adventure,"sled",,,,,manual-pin,""
outdoor-adventure,"toboggan",,,,,manual-pin,""
outdoor-adventure,"sledding",,,,,manual-pin,""
outdoor-adventure,"tubing",,,,,manual-pin,""
outdoor-adventure,"chairlift",,,,,manual-pin,""
outdoor-adventure,"gondola",,,,,manual-pin,""
outdoor-adventure,"lift ticket",,,,,manual-pin,""
outdoor-adventure,"ski pass",,,,,manual-pin,""
outdoor-adventure,"goggles",,,,,manual-pin,""
outdoor-adventure,"mountain bike",,,,,manual-pin,""
outdoor-adventure,"road bike",,,,,manual-pin,""
outdoor-adventure,"bmx",,,,,manual-pin,""
outdoor-adventure,"trail running",,,,,manual-pin,""
outdoor-adventure,"rock climbing",,,,,manual-pin,""
outdoor-adventure,"bouldering",,,,,manual-pin,""
outdoor-adventure,"belay",,,Y,,manual-pin,""
outdoor-adventure,"harness",,,,,manual-pin,""
outdoor-adventure,"carabiner",,,,,manual-pin,""
outdoor-adventure,"rappel",,,,,manual-pin,""
outdoor-adventure,"crampon",,,,,manual-pin,""
outdoor-adventure,"blizzard",,,,,manual-pin,""
outdoor-adventure,"whiteout",,,,,manual-pin,""
outdoor-adventure,"frostbite",,,,,manual-pin,""
outdoor-adventure,"hypothermia",,,,,manual-pin,""
outdoor-adventure,"heatstroke",,,,,manual-pin,""
outdoor-adventure,"sunburn",,,,,manual-pin,""
outdoor-adventure,"wildfire",,,,,manual-pin,""
outdoor-adventure,"forest fire",,,,,manual-pin,""
outdoor-adventure,"air quality",,,,,manual-pin,""
outdoor-adventure,"aqi",,,,,manual-pin,""
outdoor-adventure,"evacuation",,,,,manual-pin,""
outdoor-adventure,"drought",b2,,Y,,manual-pin,"a long period of time when there is little or no rain"
outdoor-adventure,"flash flood",,,,,manual-pin,""
outdoor-adventure,"tornado",,,,,manual-pin,""
outdoor-adventure,"thunderstorm",,,,,manual-pin,""
outdoor-adventure,"hail",c1,,Y,,manual-pin,"to describe somebody/something as being very good or special, especially in newspapers, etc."
outdoor-adventure,"sleet",,,,,manual-pin,""
outdoor-adventure,"icy",,,,,manual-pin,""
outdoor-adventure,"slushy",,,,,manual-pin,""
outdoor-adventure,"overcast",,,,,manual-pin,""
outdoor-adventure,"rv",,,,,manual-pin,""
outdoor-adventure,"motorhome",,,,,manual-pin,""
outdoor-adventure,"camper",,,,,manual-pin,""
outdoor-adventure,"bear spray",,,,,manual-pin,""
outdoor-adventure,"bear bag",,,,,manual-pin,""
outdoor-adventure,"bear canister",,,,,manual-pin,""
outdoor-adventure,"mosquito",,,,,manual-pin,""
outdoor-adventure,"mosquito repellent",,,,,manual-pin,""
outdoor-adventure,"sunscreen",,,,,manual-pin,""
outdoor-adventure,"spf",,,,,manual-pin,""
outdoor-adventure,"bug bite",,,,,manual-pin,""
outdoor-adventure,"tick",,,,,manual-pin,""
outdoor-adventure,"poison ivy",,,,,manual-pin,""
outdoor-adventure,"poison oak",,,,,manual-pin,""
outdoor-adventure,"moose",,,,,manual-pin,""
